codigo_produto_acabado;descricao_produto_acabado;grupo;ncm
01010004;AMACIANTE ABRAÇO;AMACIANTES;38099190
01010005;AMACIANTE ABRAÇO - 2LT;AMACIANTES;38099190
01010006;AMACIANTE ABRAÇO - 2LT C/06;AMACIANTES;38099190
03000062;AMACIANTE ABRAÇO - PET 5L;AMACIANTES;38099190
03000064;AMACIANTE ABRAÇO - PET 5L FD C/04;AMACIANTES;38099190
01010001;AMACIANTE CARINHO;AMACIANTES;38099190
01019133;AMACIANTE CARINHO - 2LT;AMACIANTES;38099190
01019136;AMACIANTE CARINHO - 2LT C/06;AMACIANTES;38099190
03000061;AMACIANTE CARINHO - PET 5L;AMACIANTES;38099190
03000063;AMACIANTE CARINHO - PET 5L FD C/04;AMACIANTES;38099190
01010002;AMACIANTE FOFURA;AMACIANTES;38099190
01019132;AMACIANTE FOFURA - 2LT;AMACIANTES;38099190
01019155;AMACIANTE FOFURA - 2LT C/06;AMACIANTES;38099190
03000003;AMACIANTE FOFURA - PET 5L;AMACIANTES;38099190
03000004;AMACIANTE FOFURA - PET 5L FD C/04;AMACIANTES;38099190
01070009;AROMATIZANTE BABY;AROMATIZADORES;33079000
01075386;AROMATIZANTE BABY - 500ML;AROMATIZADORES;38085910
01073586;AROMATIZANTE BABY - 500ML CX06;AROMATIZADORES;38085910
010779123;AROMATIZANTE BAMBOO;AROMATIZADORES;33079000
01077780;AROMATIZANTE BAMBOO - 500ML;AROMATIZADORES;38085910
01077781;AROMATIZANTE BAMBOO - 500ML CX06;AROMATIZADORES;38085910
01070010;AROMATIZANTE CARRO NOVO;AROMATIZADORES;33079000
01076523;AROMATIZANTE CARRO NOVO - 500ML;AROMATIZADORES;38085910
01075632;AROMATIZANTE CARRO NOVO - 500ML CX06;AROMATIZADORES;33079000
01070013;AROMATIZANTE CHA BRANCO;AROMATIZADORES;33074100
01071236;AROMATIZANTE CHA BRANCO - 500ML;AROMATIZADORES;33079000
01071114;AROMATIZANTE CHA BRANCO - 500ML CX06;AROMATIZADORES;38085910
01070015;AROMATIZANTE DELUXE BLANC;AROMATIZADORES;33079000
0107963;AROMATIZANTE DELUXE BLANC - 500ML;AROMATIZADORES;38085910
0107123;AROMATIZANTE DELUXE BLANC - 500ML CX06;AROMATIZADORES;38085910
01077951;AROMATIZANTE FLORAL (ANTIGO);AROMATIZADORES;33079000
01070035;AROMATIZANTE FLORAL (ANTIGO) - 1LT;AROMATIZADORES;33079000
01077952;AROMATIZANTE FLORAL BOUQUET;AROMATIZADORES;33079000
01077216;AROMATIZANTE FLORAL BOUQUET - 1LT;AROMATIZADORES;38085910
01077416;AROMATIZANTE FLORAL BOUQUET - 1LT CX12;AROMATIZADORES;38085910
01070016;AROMATIZANTE FLORAL BOUQUET - 500ML;AROMATIZADORES;38085910
01070020;AROMATIZANTE FLORAL BOUQUET - 500ML CX06;AROMATIZADORES;38085910
03000089;AROMATIZANTE FLORAL BOUQUET - PET 5L;AROMATIZADORES;38085910
03000093;AROMATIZANTE FLORAL BOUQUET - PET 5L FD C/04;AROMATIZADORES;38085910
01077953;AROMATIZANTE LAVANDA PROVENCE;AROMATIZADORES;33079000
01076827;AROMATIZANTE LAVANDA PROVENCE - 1LT;AROMATIZADORES;38085910
01077027;AROMATIZANTE LAVANDA PROVENCE - 1LT CX12;AROMATIZADORES;38085910
01070017;AROMATIZANTE LAVANDA PROVENCE - 500ML;AROMATIZADORES;38085910
01070021;AROMATIZANTE LAVANDA PROVENCE - 500ML CX06;AROMATIZADORES;38085910
03000090;AROMATIZANTE LAVANDA PROVENCE - PET 5L;AROMATIZADORES;38085910
03000094;AROMATIZANTE LAVANDA PROVENCE - PET 5L FD C/04;AROMATIZADORES;38085910
01077954;AROMATIZANTE PALMOLUX;AROMATIZADORES;33079000
01072126;AROMATIZANTE PALMOLUX - 1LT;AROMATIZADORES;38085910
01072326;AROMATIZANTE PALMOLUX - 1LT CX12;AROMATIZADORES;38085910
01070019;AROMATIZANTE PALMOLUX - 500ML;AROMATIZADORES;38085910
01070023;AROMATIZANTE PALMOLUX - 500ML CX06;AROMATIZADORES;38085910
03000091;AROMATIZANTE PALMOLUX - PET 5L;AROMATIZADORES;38085910
03000096;AROMATIZANTE PALMOLUX - PET 5L FD C/04;AROMATIZADORES;38085910
01070036;AROMATIZANTE ROXO (JORGE) - 1LT CX12;AROMATIZADORES;33079000
01070014;AROMATIZANTE SANDALO;AROMATIZADORES;33079000
01077950;AROMATIZANTE SANDALO - 500ML;AROMATIZADORES;38085910
01078150;AROMATIZANTE SANDALO - 500ML CX06;AROMATIZADORES;38085910
01077955;AROMATIZANTE TALCO;AROMATIZADORES;33079000
01076875;AROMATIZANTE TALCO - 1LT;AROMATIZADORES;38085910
01077075;AROMATIZANTE TALCO - 1LT CX12;AROMATIZADORES;38085910
01070018;AROMATIZANTE TALCO - 500ML;AROMATIZADORES;38085910
01070022;AROMATIZANTE TALCO - 500ML CX06;AROMATIZADORES;38085910
03000092;AROMATIZANTE TALCO - PET 5L;AROMATIZADORES;38085910
03000097;AROMATIZANTE TALCO - PET 5L FD C/04;AROMATIZADORES;38085910
01070011;AROMATIZANTE VERBENA;AROMATIZADORES;33079000
01071118;AROMATIZANTE VERBENA - 500ML;AROMATIZADORES;38085910
01071232;AROMATIZANTE VERBENA - 500ML CX06;AROMATIZADORES;38085910
01020008;CERA AUTO BRILHO;CERAS;34049019
01020009;CERA AUTO BRILHO - 1LT;CERAS;34049019
01020010;CERA AUTO BRILHO - 1LT C/12;CERAS;34049019
01020011;CERA AUTO BRILHO - 5LT;CERAS;34049019
01020012;CERA AUTO BRILHO - 5LT C/04;CERAS;34049019
01108045;CERA AUTOMOTIVA;CERAS;34049019
01104369;CERA AUTOMOTIVA - 10KG;CERAS;34049019
01104367;CERA AUTOMOTIVA - 2,5KG;CERAS;34049019
01100011;CERA AUTOMOTIVA - 2,5KG C/4;CERAS;34049019
01102303;CERA AUTOMOTIVA - 450GR;CERAS;34049019
01100008;CERA AUTOMOTIVA - 450GR CX12;CERAS;34049019
01101234;CERA AUTOMOTIVA BRANCA;CERAS;34049019
01101236;CERA AUTOMOTIVA BRANCA - 2,5KG;CERAS;34049019
01108095;CERA AUTOMOTIVA BRANCA - 2,5KG CX08;CERAS;34049019
01116003;CERA B AGUA INCOLOR CONCENTRADO;CERAS;34049019
01115871;CERA B AGUA INCOLOR CONCENTRADO - 1LT;CERAS;34049019
01116071;CERA B AGUA INCOLOR CONCENTRADO - 1LT C/12;CERAS;34049019
01116014;CERA B AGUA INCOLOR CONCENTRADO - BB50LT;CERAS;34049019
01020004;CERA BASE D AGUA INCOLOR;CERAS;34049019
01026689;CERA BASE D AGUA INCOLOR - 1LT;CERAS;34049019
01026889;CERA BASE D AGUA INCOLOR - 1LT C/12;CERAS;34049019
01020478;CERA BASE D AGUA INCOLOR - 5LT;CERAS;34049019
01020678;CERA BASE D AGUA INCOLOR - 5LT C/04;CERAS;34049019
01050001;AGUA SANITARIA;CLORADOS;38089419
010112341;AGUA SANITARIA - 1LT;CLORADOS;38089419
010112346;AGUA SANITARIA - 1LT C/12;CLORADOS;38089419
01052952;AGUA SANITARIA - 5LT;CLORADOS;38089419
01053152;AGUA SANITARIA - 5LT C/04;CLORADOS;38089419
01055876;CLORO 10% - 1LT;CLORADOS;28289011
01056076;CLORO 10% - 1LT C/12;CLORADOS;38089419
01055888;CLORO 10% - 5LT;CLORADOS;38089419
01056088;CLORO 10% - 5LT C/04;CLORADOS;38089419
01056232;CLORO 2%;CLORADOS;38089419
01056233;CLORO 2% - 1LT;CLORADOS;38089419
01055889;CLORO 2% - 1LT C/12;CLORADOS;38089419
01056231;CLORO 2% - 5LT;CLORADOS;38089419
01056431;CLORO 2% - 5LT C/04;CLORADOS;38089419
01050003;CLORO 5%;CLORADOS;38089419
01055878;CLORO 5% - 1LT;CLORADOS;38089419
01056234;CLORO 5% - 1LT C/12;CLORADOS;38089419
01053133;CLORO 5% - 5LT;CLORADOS;38089419
01053333;CLORO 5% - 5LT C/04;CLORADOS;38089419
03000121;CLORO EM GEL;CLORADOS;38089419
0105112;CLORO EM GEL - 500ML;CLORADOS;38089419
01050027;CLORO EM GEL - 500ML C/12;CLORADOS;38089419
0105115;CLORO EM GEL - 5LT;CLORADOS;38089419
0105117;CLORO EM GEL - 5LT C/04;CLORADOS;38089419
02300054;DEO FEM 212 SEXY;DEO-COLONIA;
02310054;DEO FEM 212 SEXY - 100ML;DEO-COLONIA;33029019
02300056;DEO FEM 212 VIP ROSE;DEO-COLONIA;
02310056;DEO FEM 212 VIP ROSE - 100ML;DEO-COLONIA;33029019
02300055;DEO FEM 212 WHITE;DEO-COLONIA;
02310055;DEO FEM 212 WHITE - 100ML;DEO-COLONIA;33029019
03027370;DEO FEM ACGUA DI GIO;DEO-COLONIA;
03027369;DEO FEM ACGUA DI GIO - 100ML;DEO-COLONIA;33029019
03027371;DEO FEM ACQUA FRESCA;DEO-COLONIA;
03020202;DEO FEM ACQUA FRESCA - 100ML;DEO-COLONIA;33029019
030271234;DEO FEM ANAIS ANAIS;DEO-COLONIA;
03028000;DEO FEM ANAIS ANAIS - 100ML;DEO-COLONIA;33029019
03027375;DEO FEM ANGEL;DEO-COLONIA;33029019
03022185;DEO FEM ANGEL - 100ML;DEO-COLONIA;33029019
03027376;DEO FEM ANGEL INNOCENNT;DEO-COLONIA;
03027347;DEO FEM ANGEL INNOCENNT - 100ML;DEO-COLONIA;33029019
02306200;DEO FEM BIOGRAFIA;DEO-COLONIA;
02316200;DEO FEM BIOGRAFIA - 100ML;DEO-COLONIA;33029019
03027381;DEO FEM CAROLINA HERRERA;DEO-COLONIA;
03022912;DEO FEM CAROLINA HERRERA - 100ML;DEO-COLONIA;33029019
03027382;DEO FEM CAROLINA HERRERA 212;DEO-COLONIA;
03029271;DEO FEM CAROLINA HERRERA 212 - 100ML;DEO-COLONIA;33029019
03027384;DEO FEM CHANEL N 05;DEO-COLONIA;
03024254;DEO FEM CHANEL N 05 - 100ML;DEO-COLONIA;33029019
03027386;DEO FEM COFFEE;DEO-COLONIA;
03020597;DEO FEM COFFEE - 100ML;DEO-COLONIA;33029019
02300051;DEO FEM DIESEL;DEO-COLONIA;
02310051;DEO FEM DIESEL - 100ML;DEO-COLONIA;33029019
0302000001;DEO FEM DOLCE GABBANA;DEO-COLONIA;33029019
0302000004;DEO FEM DOLCE GABBANA - 100ML;DEO-COLONIA;33029019
03027389;DEO FEM DUNNE;DEO-COLONIA;
03023875;DEO FEM DUNNE - 100ML;DEO-COLONIA;33029019
03027390;DEO FEM FEMME.COM;DEO-COLONIA;
03020823;DEO FEM FEMME.COM - 100ML;DEO-COLONIA;33029019
03027392;DEO FEM FLORATTA;DEO-COLONIA;
03028652;DEO FEM FLORATTA - 100ML;DEO-COLONIA;33029019
03027393;DEO FEM FREE;DEO-COLONIA;
03029540;DEO FEM FREE - 100ML;DEO-COLONIA;33029019
03027395;DEO FEM GABRIELA SABATINI;DEO-COLONIA;
03021950;DEO FEM GABRIELA SABATINI - 100ML;DEO-COLONIA;33029019
030274001;DEO FEM GLAMOUR;DEO-COLONIA;
03029340;DEO FEM GLAMOUR - 100ML;DEO-COLONIA;33029019
0302000007;DEO FEM GOOD GIRL;DEO-COLONIA;33029019
0302000008;DEO FEM GOOD GIRL - 100ML;DEO-COLONIA;33029019
030274003;DEO FEM HOJE;DEO-COLONIA;
03023609;DEO FEM HOJE - 100ML;DEO-COLONIA;33029019
030274004;DEO FEM HUGO BOSS;DEO-COLONIA;
03020881;DEO FEM HUGO BOSS - 100ML;DEO-COLONIA;33029019
03027405;DEO FEM INSENZATEZ;DEO-COLONIA;
03021987;DEO FEM INSENZATEZ - 100ML;DEO-COLONIA;33029019
030274008;DEO FEM KOUROS;DEO-COLONIA;
03027125;DEO FEM KOUROS - 100ML;DEO-COLONIA;33029019
030274009;DEO FEM KRISKA;DEO-COLONIA;
03026106;DEO FEM KRISKA - 100ML;DEO-COLONIA;33029019
0302000002;DEO FEM LA VIE EST BELLE;DEO-COLONIA;33029019
0302000005;DEO FEM LA VIE EST BELLE - 100ML;DEO-COLONIA;33029019
02300050;DEO FEM LADY MILLION;DEO-COLONIA;
02310050;DEO FEM LADY MILLION - 100ML;DEO-COLONIA;33029019
03027411;DEO FEM LAVANDA INGLESA;DEO-COLONIA;
03023702;DEO FEM LAVANDA INGLESA - 100ML;DEO-COLONIA;33029019
03027415;DEO FEM LUA;DEO-COLONIA;
03024213;DEO FEM LUA - 100ML;DEO-COLONIA;33029019
0302000009;DEO FEM MISS DIOR;DEO-COLONIA;33029019
0302000010;DEO FEM MISS DIOR - 100ML;DEO-COLONIA;33029019
03027419;DEO FEM PARIS;DEO-COLONIA;
03028003;DEO FEM PARIS - 100ML;DEO-COLONIA;33029019
03027421;DEO FEM POLLO BLUE;DEO-COLONIA;
03027978;DEO FEM POLLO BLUE - 100ML;DEO-COLONIA;33029019
03027422;DEO FEM SOL;DEO-COLONIA;
03027235;DEO FEM SOL - 100ML;DEO-COLONIA;33029019
03027424;DEO FEM THATHY;DEO-COLONIA;
03020380;DEO FEM THATHY - 100ML;DEO-COLONIA;33029019
02300053;DEO FEM VS APPLE;DEO-COLONIA;
02310053;DEO FEM VS APPLE - 100ML;DEO-COLONIA;33029019
02300052;DEO FEM VS VERY SEXY;DEO-COLONIA;
02310052;DEO FEM VS VERY SEXY - 100ML;DEO-COLONIA;33029019
02300057;DEO MAS 212 VIP BLACK;DEO-COLONIA;
02310057;DEO MAS 212 VIP BLACK - 100ML;DEO-COLONIA;33029019
02300060;DEO MAS 212 VIP SILVER;DEO-COLONIA;
02310060;DEO MAS 212 VIP SILVER - 100ML;DEO-COLONIA;33029019
03027431;DEO MAS ACGUA DI GIO;DEO-COLONIA;
03025237;DEO MAS ACGUA DI GIO - 100ML;DEO-COLONIA;33029019
03027434;DEO MAS AZARRO;DEO-COLONIA;
03025446;DEO MAS AZARRO - 100ML;DEO-COLONIA;33029019
03027438;DEO MAS BALDESSARINI;DEO-COLONIA;
03021583;DEO MAS BALDESSARINI - 100ML;DEO-COLONIA;33029019
03027439;DEO MAS BIOGRAFIA;DEO-COLONIA;
03024614;DEO MAS BIOGRAFIA - 100ML;DEO-COLONIA;33029019
02300059;DEO MAS BULGARI BLACK;DEO-COLONIA;
02310059;DEO MAS BULGARI BLACK - 100ML;DEO-COLONIA;33029019
03027442;DEO MAS CAROLINA HERRERA;DEO-COLONIA;
03029446;DEO MAS CAROLINA HERRERA - 100ML;DEO-COLONIA;33029019
03027443;DEO MAS CHANEL ALLURE;DEO-COLONIA;
03025159;DEO MAS CHANEL ALLURE - 100ML;DEO-COLONIA;33029019
03027444;DEO MAS CK BE;DEO-COLONIA;
03027495;DEO MAS CK BE - 100ML;DEO-COLONIA;33029019
03027445;DEO MAS CK ONE;DEO-COLONIA;
03021715;DEO MAS CK ONE - 100ML;DEO-COLONIA;33029019
03027448;DEO MAS CONNEXION;DEO-COLONIA;
03029026;DEO MAS CONNEXION - 100ML;DEO-COLONIA;33029019
02300058;DEO MAS DIESEL;DEO-COLONIA;
02310058;DEO MAS DIESEL - 100ML;DEO-COLONIA;33029019
03027449;DEO MAS DOLCE&GABBANNA;DEO-COLONIA;
03022769;DEO MAS DOLCE&GABBANNA - 100ML;DEO-COLONIA;33029019
03027450;DEO MAS DRAKKAIR;DEO-COLONIA;
03023166;DEO MAS DRAKKAIR - 100ML;DEO-COLONIA;33029019
03027451;DEO MAS DUNNE;DEO-COLONIA;
03024000;DEO MAS DUNNE - 100ML;DEO-COLONIA;33029019
03027452;DEO MAS EGEO;DEO-COLONIA;
03025823;DEO MAS EGEO - 100ML;DEO-COLONIA;33029019
03027453;DEO MAS ESSENCIAL;DEO-COLONIA;
03025989;DEO MAS ESSENCIAL - 100ML;DEO-COLONIA;33029019
03027454;DEO MAS ETERNITY;DEO-COLONIA;
03020730;DEO MAS ETERNITY - 100ML;DEO-COLONIA;33029019
03027455;DEO MAS FARENHAITY;DEO-COLONIA;
03025118;DEO MAS FARENHAITY - 100ML;DEO-COLONIA;33029019
03027456;DEO MAS FERRARI BLACK;DEO-COLONIA;
03024125;DEO MAS FERRARI BLACK - 100ML;DEO-COLONIA;33029019
03027457;DEO MAS FERRARI RED;DEO-COLONIA;
03020218;DEO MAS FERRARI RED - 100ML;DEO-COLONIA;33029019
03027459;DEO MAS HOJE;DEO-COLONIA;
03028929;DEO MAS HOJE - 100ML;DEO-COLONIA;33029019
03027460;DEO MAS HUGO BOSS;DEO-COLONIA;
03025088;DEO MAS HUGO BOSS - 100ML;DEO-COLONIA;33029019
03027461;DEO MAS HUGO BOSS ELEMENTS;DEO-COLONIA;
03022260;DEO MAS HUGO BOSS ELEMENTS - 100ML;DEO-COLONIA;33029019
03027463;DEO MAS INTENSE;DEO-COLONIA;
03027685;DEO MAS INTENSE - 100ML;DEO-COLONIA;33029019
0302000003;DEO MAS INVICTUS;DEO-COLONIA;33029019
0302000006;DEO MAS INVICTUS - 100ML;DEO-COLONIA;33029019
03027464;DEO MAS KAYAK;DEO-COLONIA;
03025024;DEO MAS KAYAK - 100ML;DEO-COLONIA;33029019
03027468;DEO MAS MALBEC;DEO-COLONIA;
03026548;DEO MAS MALBEC - 100ML;DEO-COLONIA;33029019
03027469;DEO MAS MINOTAURE;DEO-COLONIA;
03021729;DEO MAS MINOTAURE - 100ML;DEO-COLONIA;33029019
03027470;DEO MAS MONT BLANC PRESENCE;DEO-COLONIA;
03029900;DEO MAS MONT BLANC PRESENCE - 100ML;DEO-COLONIA;33029019
02300061;DEO MAS ONE MILLION;DEO-COLONIA;
02310061;DEO MAS ONE MILLION - 100ML;DEO-COLONIA;33029019
03027471;DEO MAS PACO RABANNE;DEO-COLONIA;
03024346;DEO MAS PACO RABANNE - 100ML;DEO-COLONIA;33029019
03027472;DEO MAS POLLO;DEO-COLONIA;
03020260;DEO MAS POLLO - 100ML;DEO-COLONIA;33029019
03027473;DEO MAS POLLO SPORT;DEO-COLONIA;
03024888;DEO MAS POLLO SPORT - 100ML;DEO-COLONIA;33029019
03027474;DEO MAS PORTINARI;DEO-COLONIA;
03023222;DEO MAS PORTINARI - 100ML;DEO-COLONIA;33029019
03027475;DEO MAS QUASAR;DEO-COLONIA;33029019
03023610;DEO MAS QUASAR - 100ML;DEO-COLONIA;33029019
03027477;DEO MAS SINTONIA;DEO-COLONIA;
03024105;DEO MAS SINTONIA - 100ML;DEO-COLONIA;33029019
03027479;DEO MAS STYLETTO;DEO-COLONIA;
03023053;DEO MAS STYLETTO - 100ML;DEO-COLONIA;33029019
03027480;DEO MAS TED LAPIDUS;DEO-COLONIA;
03021705;DEO MAS TED LAPIDUS - 100ML;DEO-COLONIA;33029019
03027481;DEO MAS TOMMY HELFINGER;DEO-COLONIA;
03026145;DEO MAS TOMMY HELFINGER - 100ML;DEO-COLONIA;33029019
03027483;DEO MAS UOMINI BLACK;DEO-COLONIA;
03027024;DEO MAS UOMINI BLACK - 100ML;DEO-COLONIA;33029019
04020067;ACIDO SULFONICO 90 - TB220KG TEBRAS;DESCONTINUALIZADOS;34023100
01050010;AGUA SANITARIA - 2LT;DESCONTINUALIZADOS;28289019
01050011;AGUA SANITARIA - 2LT CX06;DESCONTINUALIZADOS;28289019
03000001;AGUA SANITARIA - PET 5L;DESCONTINUALIZADOS;28289019
04026258;ALCOOL CETOESTEARILICO - 1KG;DESCONTINUALIZADOS;38237010
01070012;ALCOOL EM GEL 67 - 500ML CX24;DESCONTINUALIZADOS;22071010
01070001;ALCOOL EM GEL PARA LIMPEZA;DESCONTINUALIZADOS;22071010
01076294;ALCOOL EM GEL PARA LIMPEZA 70 - 500ML;DESCONTINUALIZADOS;22071010
01070212;ALCOOL EM GEL PARA LIMPEZA 70 - 500ML CX24;DESCONTINUALIZADOS;22071010
01075185;ALCOOL EM GEL PARA LIMPEZA 70 - 5LT;DESCONTINUALIZADOS;22071010
01075385;ALCOOL EM GEL PARA LIMPEZA 70 - 5LT CX04;DESCONTINUALIZADOS;22071010
04020008;ALCOOL ISOPROPILICO - 500ML CX24;DESCONTINUALIZADOS;29051220
04020021;ALCOOL LIQUIDO 70 - 1LT CX12;DESCONTINUALIZADOS;22071010
04020024;ALCOOL LIQUIDO 70 - 5LT CX04;DESCONTINUALIZADOS;22071010
01059343;ALVEJANTE S/ CLORO - 5LT;DESCONTINUALIZADOS;32064100
01059543;ALVEJANTE S/ CLORO - 5LT CX04;DESCONTINUALIZADOS;32064100
01111532;ALVEJANTE SEM CLORO CONCENTRADO;DESCONTINUALIZADOS;
01010007;AMACIANTE ABRAÇO - 5LT;DESCONTINUALIZADOS;38099190
01010008;AMACIANTE ABRAÇO - 5LT C/04;DESCONTINUALIZADOS;38099190
01010491;AMACIANTE CARINHO - 5LT;DESCONTINUALIZADOS;38099190
01010691;AMACIANTE CARINHO - 5LT C/04;DESCONTINUALIZADOS;38099190
01121236;AMACIANTE CONCENTRADO (BASE FRIA AZUL);DESCONTINUALIZADOS;
01121234;AMACIANTE CONCENTRADO (BASE FRIA BRANCA);DESCONTINUALIZADOS;
01128797;AMACIANTE CONCENTRADO AZUL - 1LT;DESCONTINUALIZADOS;38099190
0112555;AMACIANTE CONCENTRADO AZUL - 1LT CX12;DESCONTINUALIZADOS;38099190
01121235;AMACIANTE CONCENTRADO BRANCO - 1LT;DESCONTINUALIZADOS;38099190
0112554;AMACIANTE CONCENTRADO BRANCO - 1LT CX12;DESCONTINUALIZADOS;38099190
01011234;AMACIANTE FOFURA - 1LT;DESCONTINUALIZADOS;38099190
01011434;AMACIANTE FOFURA - 1LT CX12;DESCONTINUALIZADOS;38099190
01019130;AMACIANTE FOFURA - 5LT;DESCONTINUALIZADOS;38099190
01019330;AMACIANTE FOFURA - 5LT C/04;DESCONTINUALIZADOS;38099190
04020018;AMIDA 60 - 1KG CX12;DESCONTINUALIZADOS;34029090
04021759;AMONEA VENDA;DESCONTINUALIZADOS;
01071234;AROMATIZANTE BABY - 1LT;DESCONTINUALIZADOS;33029019
01071119;AROMATIZANTE BABY - 1LT CX12;DESCONTINUALIZADOS;33029019
01077778;AROMATIZANTE BABY - 5LT;DESCONTINUALIZADOS;33074100
017778;AROMATIZANTE BABY - 5LT CX04;DESCONTINUALIZADOS;33074100
010779122;AROMATIZANTE BAMBOO - 1LT;DESCONTINUALIZADOS;33074900
010779322;AROMATIZANTE BAMBOO - 1LT CX12;DESCONTINUALIZADOS;33074100
0107795111;AROMATIZANTE BAMBOO - 5LT;DESCONTINUALIZADOS;33074100
0107795311;AROMATIZANTE BAMBOO - 5LT CX04;DESCONTINUALIZADOS;33074100
0107536;AROMATIZANTE CARRO NOVO - 1LT;DESCONTINUALIZADOS;33074100
0107452;AROMATIZANTE CARRO NOVO - 1LT CX12;DESCONTINUALIZADOS;33074100
01071239;AROMATIZANTE CARRO NOVO - 5LT;DESCONTINUALIZADOS;33074100
01071112;AROMATIZANTE CARRO NOVO - 5LT CX04;DESCONTINUALIZADOS;33074100
01071111;AROMATIZANTE CHA BRANCO - 1LT;DESCONTINUALIZADOS;33074100
01071121;AROMATIZANTE CHA BRANCO - 1LT CX12;DESCONTINUALIZADOS;33074100
01071235;AROMATIZANTE CHA BRANCO - 5LT;DESCONTINUALIZADOS;33074100
01071120;AROMATIZANTE CHA BRANCO - 5LT CX04;DESCONTINUALIZADOS;33074100
01071233;AROMATIZANTE DELUXE BLANC - 1LT;DESCONTINUALIZADOS;33074100
01071116;AROMATIZANTE DELUXE BLANC - 1LT CX12;DESCONTINUALIZADOS;33074100
01071231;AROMATIZANTE DELUXE BLANC - 5LT;DESCONTINUALIZADOS;33074100
01071115;AROMATIZANTE DELUXE BLANC - 5LT CX04;DESCONTINUALIZADOS;33074100
01073053;AROMATIZANTE FLORAL BOUQUET - 5LT C/04;DESCONTINUALIZADOS;33029019
01074468;AROMATIZANTE LAVANDA PROVENCE - 5LT C/04;DESCONTINUALIZADOS;33029019
01079291;AROMATIZANTE PALMOLUX - 5LT C/04;DESCONTINUALIZADOS;33029019
01071237;AROMATIZANTE SANDALO - 1LT;DESCONTINUALIZADOS;33074100
01071113;AROMATIZANTE SANDALO - 1LT CX12;DESCONTINUALIZADOS;33074100
01071612;AROMATIZANTE SANDALO - 5LT;DESCONTINUALIZADOS;33074100
01071812;AROMATIZANTE SANDALO - 5LT CX04;DESCONTINUALIZADOS;33074100
01078107;AROMATIZANTE TALCO - 5LT C/04;DESCONTINUALIZADOS;33029019
01078552;AROMATIZANTE VERBENA - 1LT;DESCONTINUALIZADOS;33074100
01071548;AROMATIZANTE VERBENA - 1LT CX12;DESCONTINUALIZADOS;33074100
01071238;AROMATIZANTE VERBENA - 5LT;DESCONTINUALIZADOS;33074100
01071117;AROMATIZANTE VERBENA - 5LT CX04;DESCONTINUALIZADOS;33074100
01121577;BASE ANTIESTATICA (AMACIANTE QUENTE AZUL);DESCONTINUALIZADOS;38099190
01123456;BASE ANTIESTATICA (AMACIANTE QUENTE AZUL) - 1KG;DESCONTINUALIZADOS;38099190
01121578;BASE ANTIESTATICA (AMACIANTE QUENTE BRANCA);DESCONTINUALIZADOS;
01124235;BASE ANTIESTATICA (AMACIANTE QUENTE BRANCA) - 1KG;DESCONTINUALIZADOS;38099190
04026049;BASE ANTIESTATICA (AMACIANTE) - 1KG;DESCONTINUALIZADOS;38099190
01121327;BASE, HS;DESCONTINUALIZADOS;34029031
01120311;BASE, MIRJ;DESCONTINUALIZADOS;34011190
0112333;BASE, PERFUME - 500ML CX24;DESCONTINUALIZADOS;22071090
01020002;CERA ARDOSIA INCOLOR;DESCONTINUALIZADOS;34049019
01028287;CERA ARDOSIA INCOLOR - 5LT;DESCONTINUALIZADOS;34049019
01028487;CERA ARDOSIA INCOLOR - 5LT CX04;DESCONTINUALIZADOS;34049019
01020001;CERA ARDOSIA VERDE;DESCONTINUALIZADOS;34049019
01027679;CERA ARDOSIA VERDE - 5LT;DESCONTINUALIZADOS;34049019
01027879;CERA ARDOSIA VERDE - 5LT CX04;DESCONTINUALIZADOS;34049019
01023396;CERA AUTO BRILHO INCOLOR;DESCONTINUALIZADOS;34049019
01026392;CERA AUTO BRILHO INCOLOR - 5LT;DESCONTINUALIZADOS;34049019
01026592;CERA AUTO BRILHO INCOLOR - 5LT CX04;DESCONTINUALIZADOS;34049019
01108099;CERA AUTOMOTIVA - 2,5KG CX08;DESCONTINUALIZADOS;34049019
01108098;CERA AUTOMOTIVA - 450GR CX24;DESCONTINUALIZADOS;34049019
011012135;CERA AUTOMOTIVA BRANCA - 450GR;DESCONTINUALIZADOS;34049019
010201259;CERA BASE D AGUA INCOLOR PERFUMADA;DESCONTINUALIZADOS;
01026623;CERA BASE D AGUA INCOLOR PERFUMADA - 5LT;DESCONTINUALIZADOS;34049019
01026823;CERA BASE D AGUA INCOLOR PERFUMADA - 5LT CX04;DESCONTINUALIZADOS;34049019
01020003;CERA BASE D AGUA PRETA;DESCONTINUALIZADOS;34049019
01021389;CERA BASE D AGUA PRETA - 5LT;DESCONTINUALIZADOS;34049019
01021589;CERA BASE D AGUA PRETA - 5LT CX04;DESCONTINUALIZADOS;34049019
01020006;CERA BASE D AGUA VERDE;DESCONTINUALIZADOS;34049019
01020842;CERA BASE D AGUA VERDE - 5LT;DESCONTINUALIZADOS;34049019
01021042;CERA BASE D AGUA VERDE - 5LT CX04;DESCONTINUALIZADOS;34049019
01027387;CERA BASE D AGUA VERMELHA;DESCONTINUALIZADOS;34049019
01028994;CERA BASE D AGUA VERMELHA - 5LT;DESCONTINUALIZADOS;34049019
01029194;CERA BASE D AGUA VERMELHA - 5LT CX04;DESCONTINUALIZADOS;34049019
01020005;CERA PETROLEO INCOLOR;DESCONTINUALIZADOS;34049019
01116002;CERA PETROLEO INCOLOR CONCENTRADO;DESCONTINUALIZADOS;
01030235;CLASSIC - DESINFETANTE BRISA - 5LT;DESCONTINUALIZADOS;38089119
01030238;CLASSIC - DESINFETANTE BRISA - 5LT CX04;DESCONTINUALIZADOS;38089119
01038634;CLASSIC - DESINFETANTE CAMPESTRE - 5LT;DESCONTINUALIZADOS;38089119
01038834;CLASSIC - DESINFETANTE CAMPESTRE - 5LT CX04;DESCONTINUALIZADOS;38089119
01030237;CLASSIC - DESINFETANTE CAPIM LIMAO - 5LT;DESCONTINUALIZADOS;38089119
01030240;CLASSIC - DESINFETANTE CAPIM LIMAO - 5LT CX04;DESCONTINUALIZADOS;38089119
01030884;CLASSIC - DESINFETANTE ERVA DOCE - 5LT;DESCONTINUALIZADOS;38089119
01031084;CLASSIC - DESINFETANTE ERVA DOCE - 5LT CX04;DESCONTINUALIZADOS;38089119
01039032;CLASSIC - DESINFETANTE FLOR DO CAMPO - 5LT;DESCONTINUALIZADOS;38089119
01039232;CLASSIC - DESINFETANTE FLOR DO CAMPO - 5LT CX04;DESCONTINUALIZADOS;38089119
01035054;CLASSIC - DESINFETANTE FLORAL - 5LT;DESCONTINUALIZADOS;38089119
01035254;CLASSIC - DESINFETANTE FLORAL - 5LT CX04;DESCONTINUALIZADOS;38089119
01030236;CLASSIC - DESINFETANTE HERBAL - 5LT;DESCONTINUALIZADOS;38089119
01030239;CLASSIC - DESINFETANTE HERBAL - 5LT CX04;DESCONTINUALIZADOS;38089119
01030030;CLASSIC - DESINFETANTE JASMIM - 5LT;DESCONTINUALIZADOS;38089119
01030230;CLASSIC - DESINFETANTE JASMIM - 5LT CX04;DESCONTINUALIZADOS;38089119
01038513;CLASSIC - DESINFETANTE LAVANDA - 5LT;DESCONTINUALIZADOS;38089119
01038713;CLASSIC - DESINFETANTE LAVANDA - 5LT CX04;DESCONTINUALIZADOS;38089119
01039102;CLASSIC - DESINFETANTE PINHO - 5LT;DESCONTINUALIZADOS;38089119
01039302;CLASSIC - DESINFETANTE PINHO - 5LT CX04;DESCONTINUALIZADOS;38089119
01036016;CLASSIC - DESINFETANTE TALCO - 5LT;DESCONTINUALIZADOS;38089119
01036216;CLASSIC - DESINFETANTE TALCO - 5LT CX04;DESCONTINUALIZADOS;38089119
01043078;CLASSIC - DETERGENTE COCO - 5LT;DESCONTINUALIZADOS;34011190
01043278;CLASSIC - DETERGENTE COCO - 5LT C/04;DESCONTINUALIZADOS;34011190
01049714;CLASSIC - DETERGENTE LIMAO - 5LT;DESCONTINUALIZADOS;34011190
01049914;CLASSIC - DETERGENTE LIMAO - 5LT C/04;DESCONTINUALIZADOS;34011190
01042304;CLASSIC - DETERGENTE MACA - 5LT;DESCONTINUALIZADOS;34011190
01042504;CLASSIC - DETERGENTE MACA - 5LT C/04;DESCONTINUALIZADOS;34011190
01044919;CLASSIC - DETERGENTE NEUTRO - 5LT;DESCONTINUALIZADOS;34011190
01045119;CLASSIC - DETERGENTE NEUTRO - 5LT C/04;DESCONTINUALIZADOS;34011190
01053596;CLORO 10% - 2LT;DESCONTINUALIZADOS;28289011
01053695;CLORO 10% - 2LT CX06;DESCONTINUALIZADOS;28289011
01050013;CLORO 10% - 50LT;DESCONTINUALIZADOS;28289011
01055877;CLORO 10% VENDA;DESCONTINUALIZADOS;28289011
01056236;CLORO 2% - 2LT;DESCONTINUALIZADOS;28289011
01056238;CLORO 2% - 2LT CX06;DESCONTINUALIZADOS;28289011
03000006;CLORO 2% - PET 5L FD C/04;DESCONTINUALIZADOS;28289011
01056237;CLORO 5% - 2LT;DESCONTINUALIZADOS;28289011
01056239;CLORO 5% - 2LT CX/06;DESCONTINUALIZADOS;28289011
0105111;CLORO EM GEL (ANTIGO);DESCONTINUALIZADOS;34029019
01110004;CONCENTRADO, EUCALIPTO EMULSIONADO;DESCONTINUALIZADOS;33029019
01117650;CONCENTRADO, EUCALIPTO EMULSIONADO - 500ML;DESCONTINUALIZADOS;33029019
01110005;CONCENTRADO, PINHO EMULSIONADO;DESCONTINUALIZADOS;33029019
01112470;CONCENTRADO, PINHO EMULSIONADO - 500ML;DESCONTINUALIZADOS;33029019
01110001;CONCENTRADO, POLIDOR DE ALUMINIO;DESCONTINUALIZADOS;34011190
04043246;CORANTE LIQUIDO, VERMELHO P/ CERA;DESCONTINUALIZADOS;
01055008;CREOLINA (CREZIN);DESCONTINUALIZADOS;27079990
01055007;CREOLINA (CREZIN) - 5LT;DESCONTINUALIZADOS;27079990
01055207;CREOLINA (CREZIN) - 5LT CX04;DESCONTINUALIZADOS;27079990
01093459;D.T.L.M. LIQUIDO ERVA DOCE;DESCONTINUALIZADOS;34011190
01099293;D.T.L.M. LIQUIDO ERVA DOCE - 1LT;DESCONTINUALIZADOS;34011190
01099493;D.T.L.M. LIQUIDO ERVA DOCE - 1LT CX12;DESCONTINUALIZADOS;34011190
01090191;D.T.L.M. LIQUIDO ERVA DOCE - 5LT;DESCONTINUALIZADOS;34011190
01090391;D.T.L.M. LIQUIDO ERVA DOCE - 5LT CX04;DESCONTINUALIZADOS;34011190
01090002;D.T.L.M. LIQUIDO NEUTRO;DESCONTINUALIZADOS;34011190
01093564;D.T.L.M. LIQUIDO NEUTRO - 5LT;DESCONTINUALIZADOS;34011190
01093764;D.T.L.M. LIQUIDO NEUTRO - 5LT CX04;DESCONTINUALIZADOS;34011190
01093461;D.T.L.M. LIQUIDO PALMOLUX;DESCONTINUALIZADOS;34011190
01096531;D.T.L.M. LIQUIDO PALMOLUX - 5LT;DESCONTINUALIZADOS;34011190
01096731;D.T.L.M. LIQUIDO PALMOLUX - 5LT CX04;DESCONTINUALIZADOS;34011190
01093466;D.T.L.M. PEROLADO ERVA DOCE;DESCONTINUALIZADOS;34011190
01091265;D.T.L.M. PEROLADO ERVA DOCE - 1LT;DESCONTINUALIZADOS;34011190
01091465;D.T.L.M. PEROLADO ERVA DOCE - 1LT CX12;DESCONTINUALIZADOS;34011190
01098874;D.T.L.M. PEROLADO ERVA DOCE - 5LT;DESCONTINUALIZADOS;34011190
01099074;D.T.L.M. PEROLADO ERVA DOCE - 5LT CX04;DESCONTINUALIZADOS;34011190
01096594;D.T.L.M. PEROLADO NEUTRO - 5LT;DESCONTINUALIZADOS;34011190
01096794;D.T.L.M. PEROLADO NEUTRO - 5LT CX04;DESCONTINUALIZADOS;34011190
01093457;D.T.L.M. PEROLADO PALMOLUX;DESCONTINUALIZADOS;34011190
01093898;D.T.L.M. PEROLADO PALMOLUX - 1LT CX12;DESCONTINUALIZADOS;34011190
01098875;D.T.L.M. PEROLADO PALMOLUX - 5LT;DESCONTINUALIZADOS;34011190
01099075;D.T.L.M. PEROLADO PALMOLUX - 5LT CX04;DESCONTINUALIZADOS;34011190
01051185;DESENGRAXANTE - 5LT;DESCONTINUALIZADOS;34011190
01051385;DESENGRAXANTE - 5LT CX04;DESCONTINUALIZADOS;34011190
0110112;DESENGRAXANTE EM PASTA;DESCONTINUALIZADOS;11081200
0110113;DESENGRAXANTE EM PASTA - 2,5KG;DESCONTINUALIZADOS;34029019
0110115;DESENGRAXANTE EM PASTA - 2,5KG CX08;DESCONTINUALIZADOS;34029019
0110111;DESENGRAXANTE EM PASTA - 450GR;DESCONTINUALIZADOS;34029019
0110114;DESENGRAXANTE EM PASTA - 450GR CX24;DESCONTINUALIZADOS;34029019
01051234;DESINCRUSTANTE ACIDO;DESCONTINUALIZADOS;34029019
1051255;DESINCRUSTANTE ACIDO - 1LT;DESCONTINUALIZADOS;34029019
01511236;DESINCRUSTANTE ACIDO - 1LT CX12;DESCONTINUALIZADOS;34029019
01051237;DESINCRUSTANTE ACIDO - 5LT;DESCONTINUALIZADOS;34029019
01051437;DESINCRUSTANTE ACIDO - 5LT CX04;DESCONTINUALIZADOS;34029019
01051235;DESINCRUSTANTE ALCALINO;DESCONTINUALIZADOS;34029019
01051239;DESINCRUSTANTE ALCALINO - 1LT;DESCONTINUALIZADOS;38249941
01051439;DESINCRUSTANTE ALCALINO - 1LT CX12;DESCONTINUALIZADOS;34029019
01051238;DESINCRUSTANTE ALCALINO - 5LT;DESCONTINUALIZADOS;34029019
01051438;DESINCRUSTANTE ALCALINO - 5LT CX04;DESCONTINUALIZADOS;34029019
01030247;DESINFETANTE BRISA - 5LT;DESCONTINUALIZADOS;38089119
01030248;DESINFETANTE BRISA - 5LT C/04;DESCONTINUALIZADOS;38089119
01039632;DESINFETANTE CAMPESTRE - 1LT;DESCONTINUALIZADOS;38089119
01037563;DESINFETANTE CAMPESTRE - 1LT CX12;DESCONTINUALIZADOS;38089119
01030249;DESINFETANTE CAMPESTRE - 5LT;DESCONTINUALIZADOS;38089119
01030250;DESINFETANTE CAMPESTRE - 5LT C/04;DESCONTINUALIZADOS;38089119
01030251;DESINFETANTE CAPIM LIMAO - 5LT;DESCONTINUALIZADOS;38089119
01030252;DESINFETANTE CAPIM LIMAO - 5LT C/04;DESCONTINUALIZADOS;38089119
01036987;DESINFETANTE ERVA DOCE - 1LT;DESCONTINUALIZADOS;38089119
01039634;DESINFETANTE ERVA DOCE - 1LT CX12;DESCONTINUALIZADOS;38089119
01030253;DESINFETANTE ERVA DOCE - 5LT;DESCONTINUALIZADOS;38089119
01030254;DESINFETANTE ERVA DOCE - 5LT C/04;DESCONTINUALIZADOS;38089119
01031695;DESINFETANTE EUCALIPTO - 1LT;DESCONTINUALIZADOS;38089119
01031895;DESINFETANTE EUCALIPTO - 1LT CX12;DESCONTINUALIZADOS;38089119
01039566;DESINFETANTE EUCALIPTO - 5LT;DESCONTINUALIZADOS;38089119
01039766;DESINFETANTE EUCALIPTO - 5LT C/04;DESCONTINUALIZADOS;38089119
01038563;DESINFETANTE FLOR DO CAMPO - 1LT;DESCONTINUALIZADOS;38089119
01035789;DESINFETANTE FLOR DO CAMPO - 1LT CX12;DESCONTINUALIZADOS;38089119
01030255;DESINFETANTE FLOR DO CAMPO - 5LT;DESCONTINUALIZADOS;38089119
01030256;DESINFETANTE FLOR DO CAMPO - 5LT C/04;DESCONTINUALIZADOS;38089119
01030257;DESINFETANTE FLORAL - 5LT;DESCONTINUALIZADOS;38089119
01030258;DESINFETANTE FLORAL - 5LT C/04;DESCONTINUALIZADOS;38089119
01030259;DESINFETANTE HERBAL - 5LT;DESCONTINUALIZADOS;38089119
01030260;DESINFETANTE HERBAL - 5LT C/04;DESCONTINUALIZADOS;38089119
01030261;DESINFETANTE JASMIM - 5LT;DESCONTINUALIZADOS;38089119
01030262;DESINFETANTE JASMIM - 5LT C/04;DESCONTINUALIZADOS;38089119
01030263;DESINFETANTE LAVANDA - 5LT;DESCONTINUALIZADOS;38089119
01030264;DESINFETANTE LAVANDA - 5LT C/04;DESCONTINUALIZADOS;38089119
01039109;DESINFETANTE PINHO - 1LT;DESCONTINUALIZADOS;38089119
01039309;DESINFETANTE PINHO - 1LT CX12;DESCONTINUALIZADOS;38089119
01030265;DESINFETANTE PINHO - 5LT;DESCONTINUALIZADOS;38089119
01030266;DESINFETANTE PINHO - 5LT C/04;DESCONTINUALIZADOS;38089119
01030267;DESINFETANTE TALCO - 5LT;DESCONTINUALIZADOS;38089119
01030268;DESINFETANTE TALCO - 5LT C/04;DESCONTINUALIZADOS;38089119
01102646;DETERGENTE AUTOMOTIVO - 5LT;DESCONTINUALIZADOS;34011190
01102846;DETERGENTE AUTOMOTIVO - 5LT CX04;DESCONTINUALIZADOS;34011190
01110006;DETERGENTE AUTOMOTIVO CONCENTRADO;DESCONTINUALIZADOS;34011190
01118417;DETERGENTE AUTOMOTIVO CONCENTRADO - 1LT;DESCONTINUALIZADOS;34011190
01118617;DETERGENTE AUTOMOTIVO CONCENTRADO - 1LT CX12;DESCONTINUALIZADOS;34011190
0105116;DETERGENTE CLORADO - 500ML CX24;DESCONTINUALIZADOS;28289011
01040007;DETERGENTE COCO - 5LT;DESCONTINUALIZADOS;34011190
01040008;DETERGENTE COCO - 5LT C/04;DESCONTINUALIZADOS;34011190
01112163;DETERGENTE COCO CONCENTRADO - 2LT;DESCONTINUALIZADOS;34011190
01115632;DETERGENTE COCO CONCENTRADO - 2LT CX06;DESCONTINUALIZADOS;11081200
01112161;DETERGENTE COCO CONCENTRADO - 5LT;DESCONTINUALIZADOS;34011190
01112361;DETERGENTE COCO CONCENTRADO - 5LT C/04;DESCONTINUALIZADOS;34011190
0112632;DETERGENTE CONCENTRADO (DDB) - 1LT CX12;DESCONTINUALIZADOS;34011190
01129695;DETERGENTE CONCENTRADO (DDB) - 5LT CX04;DESCONTINUALIZADOS;34011190
01112562;DETERGENTE CRISTAL CONCENTRADO - 2LT;DESCONTINUALIZADOS;34011190
01112569;DETERGENTE CRISTAL CONCENTRADO - 2LT CX06;DESCONTINUALIZADOS;34011190
01112563;DETERGENTE CRISTAL CONCENTRADO - 5LT;DESCONTINUALIZADOS;34011190
01112763;DETERGENTE CRISTAL CONCENTRADO - 5LT C/04;DESCONTINUALIZADOS;34011190
01040009;DETERGENTE LIMAO - 5LT;DESCONTINUALIZADOS;34011190
01040010;DETERGENTE LIMAO - 5LT C/04;DESCONTINUALIZADOS;34011190
0111295;DETERGENTE LIMAO CONCENTRADO - 2LT;DESCONTINUALIZADOS;34011190
01116523;DETERGENTE LIMAO CONCENTRADO - 2LT CX06;DESCONTINUALIZADOS;34011190
01112155;DETERGENTE LIMAO CONCENTRADO - 5LT;DESCONTINUALIZADOS;34011190
01112355;DETERGENTE LIMAO CONCENTRADO - 5LT C/04;DESCONTINUALIZADOS;34011190
01040011;DETERGENTE MACA - 5LT;DESCONTINUALIZADOS;34011190
01040012;DETERGENTE MACA - 5LT C/04;DESCONTINUALIZADOS;34011190
0111276;DETERGENTE MACA CONCENTRADO - 2LT;DESCONTINUALIZADOS;34011190
01113652;DETERGENTE MACA CONCENTRADO - 2LT CX06;DESCONTINUALIZADOS;34011190
01112165;DETERGENTE MACA CONCENTRADO - 5LT;DESCONTINUALIZADOS;34011190
01112365;DETERGENTE MACA CONCENTRADO - 5LT C/04;DESCONTINUALIZADOS;34011190
01040013;DETERGENTE NEUTRO - 5LT;DESCONTINUALIZADOS;34011190
01040014;DETERGENTE NEUTRO - 5LT C/04;DESCONTINUALIZADOS;34011190
0111297;DETERGENTE NEUTRO CONCENTRADO - 2LT;DESCONTINUALIZADOS;34011190
01116985;DETERGENTE NEUTRO CONCENTRADO - 2LT CX06;DESCONTINUALIZADOS;34011190
01112176;DETERGENTE NEUTRO CONCENTRADO - 5LT;DESCONTINUALIZADOS;34011190
01112376;DETERGENTE NEUTRO CONCENTRADO - 5LT C/04;DESCONTINUALIZADOS;34011190
04020066;ESPESSANTE PARA ALCOOL EM GEL - 1KG;DESCONTINUALIZADOS;39123910
02011505;ESSENCIA, BOUQUET - 1X200 - 100ML;DESCONTINUALIZADOS;33029019
02010677;ESSENCIA, BOUQUET - 1X200 - 1LT;DESCONTINUALIZADOS;33029019
02019358;ESSENCIA, BOUQUET - 1X200 - 500ML;DESCONTINUALIZADOS;33029019
02026859;ESSENCIA, FLORAL ROSE (DVISAO) - 1X1000 - 5KG;DESCONTINUALIZADOS;33029019
02016405;ESSENCIA, IMPERIAL IFF - 1X200 - 100ML;DESCONTINUALIZADOS;33029019
02013874;ESSENCIA, IMPERIAL IFF - 1X200 - 1LT;DESCONTINUALIZADOS;33029019
02017314;ESSENCIA, IMPERIAL IFF - 1X200 - 500ML;DESCONTINUALIZADOS;33029019
02011507;ESSENCIA, IMPERIAL IFF - PURA;DESCONTINUALIZADOS;33029019
02016326;ESSENCIA, LAVANDA BABY IFF - 1X200 - 100ML;DESCONTINUALIZADOS;33029019
02019424;ESSENCIA, LAVANDA BABY IFF - 1X200 - 1LT;DESCONTINUALIZADOS;33029019
02010874;ESSENCIA, LAVANDA BABY IFF - 1X200 - 500ML;DESCONTINUALIZADOS;33029019
02026587;ESSENCIA, LAVANDA MUSK (DVISAO) - 1X1000 - 5KG;DESCONTINUALIZADOS;33029019
02024683;ESSENCIA, MIL FLORES ESPECIAL - 1X200 - 100ML;DESCONTINUALIZADOS;33029019
0202000081;ESSENCIA, MIL FLORES ESPECIAL - 1X200 - 100ML CX20;DESCONTINUALIZADOS;33029019
02022718;ESSENCIA, MIL FLORES ESPECIAL - 1X200 - 1LT;DESCONTINUALIZADOS;33029019
02027230;ESSENCIA, MIL FLORES ESPECIAL - 1X200 - 500ML;DESCONTINUALIZADOS;33029019
020291251;ESSENCIA, MIL FLORES ESPECIAL - 1X200 - 5LT;DESCONTINUALIZADOS;33029019
02026987;ESSENCIA, NATURA FIT - 1X1000 - 5KG;DESCONTINUALIZADOS;33029019
020263525;ESSENCIA, OMO CARIBE FIT - 1X1000 - 5KG;DESCONTINUALIZADOS;33029019
02024796;ESSENCIA, STILETO FIT - 1X1000 - 1KG;DESCONTINUALIZADOS;33029019
02023691;ESSENCIA, STYLETTO FIT - 1X1000 - 5KG;DESCONTINUALIZADOS;33029019
02019975;ESSENCIA, TALCO ORIENTAL - 1X200 - 100ML;DESCONTINUALIZADOS;33029019
02012808;ESSENCIA, TALCO ORIENTAL - 1X200 - 1LT;DESCONTINUALIZADOS;33029019
02011011;ESSENCIA, TALCO ORIENTAL - 1X200 - 500ML;DESCONTINUALIZADOS;33029019
02025463;ESSENCIA, VINTE QUATRO HORAS FIT - 1X1000 - 1KG;DESCONTINUALIZADOS;33029019
02023569;ESSENCIA, VINTE QUATRO HORAS FIT - 1X1000 - 5KG;DESCONTINUALIZADOS;33029019
01070002;EUCALIPTO P/ SAUNA;DESCONTINUALIZADOS;33029019
01076982;EUCALIPTO P/ SAUNA, ESSENCIA - 1LT;DESCONTINUALIZADOS;33029019
01077182;EUCALIPTO P/ SAUNA, ESSENCIA - 1LT CX12;DESCONTINUALIZADOS;33029019
04020073;FORMALDEIDO - TB200LT;DESCONTINUALIZADOS;29121100
04020085;LAURIL 27% - TB220KG;DESCONTINUALIZADOS;34023990
01050015;LIMPA ALUMINIO - 500ML CX24;DESCONTINUALIZADOS;34011190
01051732;LIMPA ALUMINIO - 5LT;DESCONTINUALIZADOS;34011190
01051932;LIMPA ALUMINIO - 5LT CX04;DESCONTINUALIZADOS;34011190
01070003;LIMPA CARPETE;DESCONTINUALIZADOS;34011190
01078138;LIMPA CARPETE - 5LT;DESCONTINUALIZADOS;34011190
01073695;LIMPA FACIL SUTIL - 450GRS CX24;DESCONTINUALIZADOS;35051000
01058224;LIMPA PEDRA A - 1LT;DESCONTINUALIZADOS;34011190
01058424;LIMPA PEDRA A - 1LT CX12;DESCONTINUALIZADOS;34011190
01050006;LIMPA PEDRA ESPECIAL;DESCONTINUALIZADOS;34011190
01052831;LIMPA PEDRA ESPECIAL - 5LT;DESCONTINUALIZADOS;34011190
01053031;LIMPA PEDRA ESPECIAL - 5LT CX04;DESCONTINUALIZADOS;34011190
01107413;LIMPA PNEU - 5LT;DESCONTINUALIZADOS;34011190
01107613;LIMPA PNEU - 5LT CX04;DESCONTINUALIZADOS;34011190
01074278;LIMPA VIDRO - 500ML CX24;DESCONTINUALIZADOS;34011190
01075328;LIMPA VIDRO - 5LT;DESCONTINUALIZADOS;34011190
01075528;LIMPA VIDRO - 5LT C/04;DESCONTINUALIZADOS;34011190
01116015;LIMPA VIDRO CONCENTRADO;DESCONTINUALIZADOS;
01113213;LIMPA VIDRO CONCENTRADO - 1LT;DESCONTINUALIZADOS;34011190
01113413;LIMPA VIDRO CONCENTRADO - 1LT CX12;DESCONTINUALIZADOS;34011190
01111409;LIMPADOR CAMPESTRE CONCENTRADO - 1LT;DESCONTINUALIZADOS;33029019
01111609;LIMPADOR CAMPESTRE CONCENTRADO - 1LT CX12;DESCONTINUALIZADOS;33029019
01111401;LIMPADOR CAMPESTRE CONCENTRADO - 2LT;DESCONTINUALIZADOS;33029019
01119876;LIMPADOR CAMPESTRE CONCENTRADO - 2LT CX06;DESCONTINUALIZADOS;33029019
01111414;LIMPADOR CAMPESTRE CONCENTRADO - 5LT;DESCONTINUALIZADOS;33029019
01111614;LIMPADOR CAMPESTRE CONCENTRADO - 5LT CX04;DESCONTINUALIZADOS;33029019
01110029;LIMPADOR CAPIM LIMAO CONCENTRADO - 5LT;DESCONTINUALIZADOS;33029019
01110030;LIMPADOR CAPIM LIMAO CONCENTRADO - 5LT C/04;DESCONTINUALIZADOS;33029019
01110016;LIMPADOR CARAVELAS CONCENTRADO - 5LT;DESCONTINUALIZADOS;33029019
01110019;LIMPADOR CARAVELAS CONCENTRADO - 5LT C/04;DESCONTINUALIZADOS;33029019
01111410;LIMPADOR ERVA DOCE CONCENTRADO - 1LT;DESCONTINUALIZADOS;33029019
01111610;LIMPADOR ERVA DOCE CONCENTRADO - 1LT CX12;DESCONTINUALIZADOS;33029019
01111402;LIMPADOR ERVA DOCE CONCENTRADO - 2LT;DESCONTINUALIZADOS;33029019
01113487;LIMPADOR ERVA DOCE CONCENTRADO - 2LT CX06;DESCONTINUALIZADOS;33029019
01111429;LIMPADOR ERVA DOCE CONCENTRADO - 5LT;DESCONTINUALIZADOS;33029019
01111629;LIMPADOR ERVA DOCE CONCENTRADO - 5LT CX04;DESCONTINUALIZADOS;33029019
01111403;LIMPADOR EUCALIPTO CONCENTRADO - 2LT;DESCONTINUALIZADOS;33029019
01112896;LIMPADOR EUCALIPTO CONCENTRADO - 2LT CX06;DESCONTINUALIZADOS;33029019
01111430;LIMPADOR EUCALIPTO CONCENTRADO - 5LT;DESCONTINUALIZADOS;33029019
01111630;LIMPADOR EUCALIPTO CONCENTRADO - 5LT C/04;DESCONTINUALIZADOS;33029019
01111611;LIMPADOR FLOR DO CAMPO CONCENTRADO- 1LT CX12;DESCONTINUALIZADOS;33029019
01111411;LIMPADOR FLOR DO CAMPO CONCENTRADO - 1LT;DESCONTINUALIZADOS;33029019
01111404;LIMPADOR FLOR DO CAMPO CONCENTRADO - 2LT;DESCONTINUALIZADOS;33029019
01114392;LIMPADOR FLOR DO CAMPO CONCENTRADO - 2LT CX06;DESCONTINUALIZADOS;33029019
01111431;LIMPADOR FLOR DO CAMPO CONCENTRADO - 5LT;DESCONTINUALIZADOS;33029019
01111631;LIMPADOR FLOR DO CAMPO CONCENTRADO - 5LT CX04;DESCONTINUALIZADOS;33029019
01111405;LIMPADOR FLORAL CONCENTRADO - 2LT;DESCONTINUALIZADOS;33029019
01111086;LIMPADOR FLORAL CONCENTRADO - 2LT CX06;DESCONTINUALIZADOS;33029019
01111432;LIMPADOR FLORAL CONCENTRADO - 5LT;DESCONTINUALIZADOS;33029019
01111632;LIMPADOR FLORAL CONCENTRADO - 5LT C/04;DESCONTINUALIZADOS;33029019
01111406;LIMPADOR JASMIM CONCENTRADO - 2LT;DESCONTINUALIZADOS;33029019
01113298;LIMPADOR JASMIM CONCENTRADO - 2LT CX06;DESCONTINUALIZADOS;33029019
01111433;LIMPADOR JASMIM CONCENTRADO - 5LT;DESCONTINUALIZADOS;33029019
01111633;LIMPADOR JASMIM CONCENTRADO - 5LT C/04;DESCONTINUALIZADOS;33029019
01110017;LIMPADOR KAYAKE CONCENTRADO - 5LT;DESCONTINUALIZADOS;33029019
01110020;LIMPADOR KAYAKE CONCENTRADO - 5LT C/04;DESCONTINUALIZADOS;33029019
0111400;LIMPADOR LAVANDA CONCENTRADO - 2LT;DESCONTINUALIZADOS;33029019
01117896;LIMPADOR LAVANDA CONCENTRADO - 2LT CX06;DESCONTINUALIZADOS;33029019
01111434;LIMPADOR LAVANDA CONCENTRADO - 5LT;DESCONTINUALIZADOS;33029019
01111634;LIMPADOR LAVANDA CONCENTRADO - 5LT C/04;DESCONTINUALIZADOS;33029019
01110018;LIMPADOR PALMOLUX CONCENTRADO - 5LT;DESCONTINUALIZADOS;33029019
01110021;LIMPADOR PALMOLUX CONCENTRADO - 5LT C/04;DESCONTINUALIZADOS;33029019
01111412;LIMPADOR PINHO CONCENTRADO - 1LT;DESCONTINUALIZADOS;33029019
01111612;LIMPADOR PINHO CONCENTRADO - 1LT CX12;DESCONTINUALIZADOS;33029019
01111407;LIMPADOR PINHO CONCENTRADO - 2LT;DESCONTINUALIZADOS;33029019
01112987;LIMPADOR PINHO CONCENTRADO - 2LT CX06;DESCONTINUALIZADOS;33029019
01111435;LIMPADOR PINHO CONCENTRADO - 5LT;DESCONTINUALIZADOS;33029019
01111635;LIMPADOR PINHO CONCENTRADO - 5LT CX04;DESCONTINUALIZADOS;33029019
01111408;LIMPADOR TALCO CONCENTRADO - 2LT;DESCONTINUALIZADOS;33029019
01118765;LIMPADOR TALCO CONCENTRADO - 2LT CX06;DESCONTINUALIZADOS;33029019
01111436;LIMPADOR TALCO CONCENTRADO - 5LT;DESCONTINUALIZADOS;33029019
01111636;LIMPADOR TALCO CONCENTRADO - 5LT C/04;DESCONTINUALIZADOS;33029019
01078365;LUSTRA MOVEIS - 1LT;DESCONTINUALIZADOS;34052000
01078565;LUSTRA MOVEIS - 1LT CX12;DESCONTINUALIZADOS;34052000
01077890;LUSTRA MOVEIS - 500ML CX24;DESCONTINUALIZADOS;34052000
01060001;MULTIUSO BRANCO;DESCONTINUALIZADOS;34011190
01064190;MULTIUSO BRANCO  - 5LT;DESCONTINUALIZADOS;34011190
01064390;MULTIUSO BRANCO  - 5LT CX04;DESCONTINUALIZADOS;34011190
01116000;MULTIUSO BRANCO CONCENTRADO;DESCONTINUALIZADOS;
01066048;MULTIUSO INCOLOR - 500ML CX24;DESCONTINUALIZADOS;34011190
01067420;MULTIUSO INCOLOR - 5LT;DESCONTINUALIZADOS;34011190
01067620;MULTIUSO INCOLOR - 5LT CX04;DESCONTINUALIZADOS;34011190
01116001;MULTIUSO INCOLOR CONCENTRADO;DESCONTINUALIZADOS;
01114022;MULTIUSO INCOLOR CONCENTRADO - 1LT;DESCONTINUALIZADOS;34011190
01114222;MULTIUSO INCOLOR CONCENTRADO - 1LT CX12;DESCONTINUALIZADOS;34011190
04011236;OLEO DE EUCALIPTO ESPECIAL;DESCONTINUALIZADOS;
01070007;PASSE FACIL;DESCONTINUALIZADOS;35051000
01075491;PASSE FACIL - 1LT;DESCONTINUALIZADOS;35051000
01075691;PASSE FACIL - 1LT CX12;DESCONTINUALIZADOS;35051000
01070358;PASSE FACIL - 5LT;DESCONTINUALIZADOS;35051000
01070558;PASSE FACIL - 5LT CX04;DESCONTINUALIZADOS;35051000
04020071;RENEX 95 - TB215KG;DESCONTINUALIZADOS;34024200
04024199;RENEX 95 VENDA;DESCONTINUALIZADOS;34024200
04010001;RICINOLEATO;DESCONTINUALIZADOS;34021300
01080006;SABAO COCO - 1LT;DESCONTINUALIZADOS;34011190
01080206;SABAO COCO - 1LT CX12;DESCONTINUALIZADOS;34011190
01085419;SABAO COCO - 5LT;DESCONTINUALIZADOS;34011190
01085619;SABAO COCO - 5LT C/04;DESCONTINUALIZADOS;34011190
01112168;SABAO COCO CONCENTRADO - 2LT;DESCONTINUALIZADOS;34011190
01118965;SABAO COCO CONCENTRADO - 2LT CX06;DESCONTINUALIZADOS;34011190
01112169;SABAO COCO CONCENTRADO - 5LT;DESCONTINUALIZADOS;34011190
01112369;SABAO COCO CONCENTRADO - 5LT C/04;DESCONTINUALIZADOS;34011190
01077170;SABAO EM PASTA - 1KG;DESCONTINUALIZADOS;34011190
01078338;SABAO EM PASTA - 1KG CX10;DESCONTINUALIZADOS;34011190
01073678;SABAO EM PASTA - 450GRS CX24;DESCONTINUALIZADOS;34011190
01086247;SABAO LAVANDA GEL - 5LT;DESCONTINUALIZADOS;34011190
01086447;SABAO LAVANDA GEL - 5LT CX04;DESCONTINUALIZADOS;34011190
01076479;SABAO LIMPA PISO - 1LT;DESCONTINUALIZADOS;34011190
01076679;SABAO LIMPA PISO - 1LT CX12;DESCONTINUALIZADOS;34011190
01076478;SABAO LIMPA PISO - 5LT;DESCONTINUALIZADOS;34011190
01076678;SABAO LIMPA PISO - 5LT CX04;DESCONTINUALIZADOS;34011190
01080004;SABAO OMEX - 1LT;DESCONTINUALIZADOS;34011190
01080204;SABAO OMEX - 1LT CX12;DESCONTINUALIZADOS;34011190
01088935;SABAO OMEX - 5LT;DESCONTINUALIZADOS;34011190
01089135;SABAO OMEX - 5LT C/04;DESCONTINUALIZADOS;34011190
01112164;SABAO OMEX CONCENTRADO - 2LT;DESCONTINUALIZADOS;34011190
01119879;SABAO OMEX CONCENTRADO - 2LT CX06;DESCONTINUALIZADOS;34011190
01112166;SABAO OMEX CONCENTRADO - 5LT;DESCONTINUALIZADOS;34011190
01112366;SABAO OMEX CONCENTRADO - 5LT C/04;DESCONTINUALIZADOS;34011190
01084796;SABAO PINHO GEL - 5LT;DESCONTINUALIZADOS;34011190
01084996;SABAO PINHO GEL - 5LT CX04;DESCONTINUALIZADOS;34011190
01090003;SABONETE LIQ ESP PEROLADO NEUTRO;DESCONTINUALIZADOS;34011190
01099776;SABONETE LIQ ESP PEROLADO NEUTRO - 5LT;DESCONTINUALIZADOS;34011190
01093698;SABONETE LIQ ESP PEROLADO NEUTRO - 5LT C/04;DESCONTINUALIZADOS;34011190
050036521;SALICILATO DE METILA - 100GR;DESCONTINUALIZADOS;30049024
05003658;SALICILATO DE METILA - 500GR;DESCONTINUALIZADOS;30049024
01107818;SILICONE GEL - 1KG;DESCONTINUALIZADOS;34011190
01103256;SILICONE GEL - 1KG CX10;DESCONTINUALIZADOS;34011190
01108096;SILICONE GEL - 450GR CX24;DESCONTINUALIZADOS;34011190
01105990;SILICONE LIQUIDO - 1LT;DESCONTINUALIZADOS;34011190
01106190;SILICONE LIQUIDO - 1LT CX12;DESCONTINUALIZADOS;34011190
01010023;SILICONE LIQUIDO - 500ML CX24;DESCONTINUALIZADOS;34011190
04023861;SODA LIQUIDA VENDA;DESCONTINUALIZADOS;
01050019;VALMAX 1000 (DESINCRUSTANTE ALCALINO) - 1LT C/12;DESCONTINUALIZADOS;38249941
01050021;VALMAX 1000 (DESINCRUSTANTE ALCALINO) - 5LT C/04;DESCONTINUALIZADOS;38249941
01050025;VALMAX 700 (DESINCRUSTANTE ACIDO) - 5LT C/04;DESCONTINUALIZADOS;38249941
04020058;VASELINA SOLIDA - 400GR CX24;DESCONTINUALIZADOS;39100019
04020059;VASELINA SOLIDA - 900GR CX10;DESCONTINUALIZADOS;39100019
01030234;DESINFETANTE BRISA;DESINFETANTES;38089919
01030241;DESINFETANTE BRISA - 2LT;DESINFETANTES;38089919
01030244;DESINFETANTE BRISA - 2LT C/06;DESINFETANTES;38089919
03000023;DESINFETANTE BRISA - PET 5L;DESINFETANTES;38089919
03000024;DESINFETANTE BRISA - PET 5L FD C/04;DESINFETANTES;38089919
01031254;DESINFETANTE CAMPESTRE;DESINFETANTES;38089919
03000053;DESINFETANTE CAMPESTRE - PET 5L;DESINFETANTES;38089919
03000054;DESINFETANTE CAMPESTRE - PET 5L FD C/04;DESINFETANTES;38089919
01111254;DESINFETANTE CAMPESTRE CONCENTRADO;DESINFETANTES;38089119
01030232;DESINFETANTE CAPIM LIMAO;DESINFETANTES;38089919
01030242;DESINFETANTE CAPIM LIMAO - 2LT;DESINFETANTES;38089919
01030245;DESINFETANTE CAPIM LIMAO - 2LT C/06;DESINFETANTES;38089919
03000027;DESINFETANTE CAPIM LIMAO - PET 5L;DESINFETANTES;38089919
03000028;DESINFETANTE CAPIM LIMAO - PET 5L FD C/04;DESINFETANTES;38089919
01116009;DESINFETANTE CAPIM LIMAO CONCENTRADO;DESINFETANTES;38089119
01030287;DESINFETANTE CAPIM LIMAO CONCENTRADO - 200ML;DESINFETANTES;38089919
01030296;DESINFETANTE CAPIM LIMAO CONCENTRADO - 200ML C/06;DESINFETANTES;38089919
01030278;DESINFETANTE CAPIM LIMAO CONCENTRADO 1X100;DESINFETANTES;38089919
01110022;DESINFETANTE CARAVELAS CONCENTRADO;DESINFETANTES;38089919
01030281;DESINFETANTE CASA LIMPA CONCENTRADO - 200ML;DESINFETANTES;38089919
01030290;DESINFETANTE CASA LIMPA CONCENTRADO - 200ML C/06;DESINFETANTES;38089919
01030272;DESINFETANTE CASA LIMPA CONCENTRADO 1X100;DESINFETANTES;38089919
01030001;DESINFETANTE ERVA DOCE;DESINFETANTES;38089919
03000055;DESINFETANTE ERVA DOCE - PET 5L;DESINFETANTES;38089919
03000056;DESINFETANTE ERVA DOCE - PET 5L FD C/04;DESINFETANTES;38089919
01116004;DESINFETANTE ERVA DOCE CONCENTRADO;DESINFETANTES;38089119
01030002;DESINFETANTE EUCALIPTO;DESINFETANTES;38089919
03000057;DESINFETANTE EUCALIPTO - PET 5L;DESINFETANTES;38089919
03000058;DESINFETANTE EUCALIPTO - PET 5L FD C/04;DESINFETANTES;38089919
01116005;DESINFETANTE EUCALIPTO CONCENTRADO;DESINFETANTES;38089119
01033698;DESINFETANTE FLOR DO CAMPO;DESINFETANTES;38089919
03000049;DESINFETANTE FLOR DO CAMPO - PET 5L;DESINFETANTES;38089919
03000050;DESINFETANTE FLOR DO CAMPO - PET 5L FD C/04;DESINFETANTES;38089919
01102369;DESINFETANTE FLOR DO CAMPO CONCENTRADO;DESINFETANTES;38089919
01030003;DESINFETANTE FLORAL;DESINFETANTES;38089919
01039845;DESINFETANTE FLORAL - 1LT;DESINFETANTES;38089919
01040045;DESINFETANTE FLORAL - 1LT C/12;DESINFETANTES;38089919
01035012;DESINFETANTE FLORAL - 2LT;DESINFETANTES;38089919
01039876;DESINFETANTE FLORAL - 2LT C/06;DESINFETANTES;38089919
03000025;DESINFETANTE FLORAL - PET 5L;DESINFETANTES;38089919
03000026;DESINFETANTE FLORAL - PET 5L FD C/04;DESINFETANTES;38089919
01116006;DESINFETANTE FLORAL CONCENTRADO;DESINFETANTES;38089919
01030270;DESINFETANTE FLORAL CONCENTRADO  - 200ML;DESINFETANTES;38089919
01030271;DESINFETANTE FLORAL CONCENTRADO  - 200ML C/06;DESINFETANTES;38089919
01030269;DESINFETANTE FLORAL CONCENTRADO 1X100;DESINFETANTES;38089919
01030286;DESINFETANTE FLORES DO CAMPO CONCENTRADO - 200ML;DESINFETANTES;38089919
01030295;DESINFETANTE FLORES DO CAMPO CONCENTRADO - 200ML C/06;DESINFETANTES;38089919
01030277;DESINFETANTE FLORES DO CAMPO CONCENTRADO 1X100;DESINFETANTES;38089919
01030233;DESINFETANTE HERBAL;DESINFETANTES;38089919
01030243;DESINFETANTE HERBAL - 2LT;DESINFETANTES;38089919
01030246;DESINFETANTE HERBAL - 2LT C/06;DESINFETANTES;38089919
03000059;DESINFETANTE HERBAL - PET 5L;DESINFETANTES;38089919
03000060;DESINFETANTE HERBAL - PET 5L FD C/04;DESINFETANTES;38089919
01030004;DESINFETANTE JASMIM;DESINFETANTES;38089919
03000029;DESINFETANTE JASMIM - PET 5L;DESINFETANTES;38089919
03000030;DESINFETANTE JASMIM - PET 5L FD C/04;DESINFETANTES;38089919
01116007;DESINFETANTE JASMIM CONCENTRADO;DESINFETANTES;38089919
01110023;DESINFETANTE KAYAKE CONCENTRADO;DESINFETANTES;38089919
01030005;DESINFETANTE LAVANDA;DESINFETANTES;38089919
01039847;DESINFETANTE LAVANDA - 1LT;DESINFETANTES;38089919
01040047;DESINFETANTE LAVANDA - 1LT C/12;DESINFETANTES;38089919
01035013;DESINFETANTE LAVANDA - 2LT;DESINFETANTES;38089919
01039678;DESINFETANTE LAVANDA - 2LT C/06;DESINFETANTES;38089919
03000009;DESINFETANTE LAVANDA - PET 5L;DESINFETANTES;38089919
03000010;DESINFETANTE LAVANDA - PET 5L FD C/04;DESINFETANTES;38089919
01116008;DESINFETANTE LAVANDA CONCENTRADO;DESINFETANTES;38089919
01030288;DESINFETANTE LAVANDA CONCENTRADO - 200ML;DESINFETANTES;38089919
01030297;DESINFETANTE LAVANDA CONCENTRADO - 200ML C/06;DESINFETANTES;38089919
01030279;DESINFETANTE LAVANDA CONCENTRADO 1X100;DESINFETANTES;38089919
01030282;DESINFETANTE LIRIOS DO CAMPO CONCENTRADO - 200ML;DESINFETANTES;38089919
01030291;DESINFETANTE LIRIOS DO CAMPO CONCENTRADO - 200ML C/06;DESINFETANTES;38089919
01030273;DESINFETANTE LIRIOS DO CAMPO CONCENTRADO 1X100;DESINFETANTES;38089919
01030283;DESINFETANTE MARINE CONCENTRADO - 200ML;DESINFETANTES;38089919
01030292;DESINFETANTE MARINE CONCENTRADO - 200ML C/06;DESINFETANTES;38089919
01030274;DESINFETANTE MARINE CONCENTRADO 1X100;DESINFETANTES;38089919
01110024;DESINFETANTE PALMOLUX CONCENTRADO;DESINFETANTES;38089919
01030007;DESINFETANTE PINHO;DESINFETANTES;38089919
03000051;DESINFETANTE PINHO - PET 5L;DESINFETANTES;38089919
03000052;DESINFETANTE PINHO - PET 5L FD C/04;DESINFETANTES;38089919
01116010;DESINFETANTE PINHO CONCENTRADO;DESINFETANTES;38089919
01030284;DESINFETANTE RENASCER CONCENTRADO - 200ML;DESINFETANTES;38089919
01030293;DESINFETANTE RENASCER CONCENTRADO - 200ML C/06;DESINFETANTES;38089919
01030275;DESINFETANTE RENASCER CONCENTRADO 1X100;DESINFETANTES;38089919
01030285;DESINFETANTE SILVESTRE CONCENTRADO - 200ML;DESINFETANTES;38089919
01030294;DESINFETANTE SILVESTRE CONCENTRADO - 200ML C/06;DESINFETANTES;38089919
01030276;DESINFETANTE SILVESTRE CONCENTRADO 1X100;DESINFETANTES;38089919
01030010;DESINFETANTE TALCO;DESINFETANTES;38089919
01036042;DESINFETANTE TALCO - 1LT;DESINFETANTES;38089919
01036242;DESINFETANTE TALCO - 1LT C/12;DESINFETANTES;38089919
01035014;DESINFETANTE TALCO - 2LT;DESINFETANTES;38089919
01034567;DESINFETANTE TALCO - 2LT C/06;DESINFETANTES;38089919
03000021;DESINFETANTE TALCO - PET 5L;DESINFETANTES;38089919
03000022;DESINFETANTE TALCO - PET 5L FD C/04;DESINFETANTES;38089919
01116012;DESINFETANTE TALCO CONCENTRADO;DESINFETANTES;38089919
01030289;DESINFETANTE TALCO CONCENTRADO - 200ML;DESINFETANTES;38089919
01030298;DESINFETANTE TALCO CONCENTRADO - 200ML C/06;DESINFETANTES;38089919
01030280;DESINFETANTE TALCO CONCENTRADO 1X100;DESINFETANTES;38089919
01111415;LIMPADOR CAMPESTRE CONCENTRADO;DESINFETANTES;30069043
01110026;LIMPADOR CAPIM LIMAO CONCENTRADO;DESINFETANTES;34029090
01110027;LIMPADOR CAPIM LIMAO CONCENTRADO - 1LT;DESINFETANTES;34029019
01110028;LIMPADOR CAPIM LIMAO CONCENTRADO - 1LT C/12;DESINFETANTES;34029019
03000069;LIMPADOR CAPIM LIMAO CONCENTRADO - PET 5L;DESINFETANTES;34029019
03000078;LIMPADOR CAPIM LIMAO CONCENTRADO - PET 5L FD C/04;DESINFETANTES;34029019
01110007;LIMPADOR CARAVELAS CONCENTRADO;DESINFETANTES;34029090
01110013;LIMPADOR CARAVELAS CONCENTRADO - 1LT;DESINFETANTES;34029019
01110010;LIMPADOR CARAVELAS CONCENTRADO - 1LT C/12;DESINFETANTES;34029019
03000070;LIMPADOR CARAVELAS CONCENTRADO - PET 5L;DESINFETANTES;34029019
03000079;LIMPADOR CARAVELAS CONCENTRADO - PET 5L FD C/04;DESINFETANTES;34029019
01111416;LIMPADOR ERVA DOCE CONCENTRADO;DESINFETANTES;34029090
01111417;LIMPADOR EUCALIPTO CONCENTRADO;DESINFETANTES;34029090
01118624;LIMPADOR EUCALIPTO CONCENTRADO - 1LT;DESINFETANTES;34029019
01118824;LIMPADOR EUCALIPTO CONCENTRADO - 1LT C/12;DESINFETANTES;34029019
03000071;LIMPADOR EUCALIPTO CONCENTRADO - PET 5L;DESINFETANTES;34029019
03000080;LIMPADOR EUCALIPTO CONCENTRADO - PET 5L FD C/04;DESINFETANTES;34029019
01111418;LIMPADOR FLOR DO CAMPO CONCENTRADO;DESINFETANTES;34029090
01111419;LIMPADOR FLORAL CONCENTRADO;DESINFETANTES;34029090
01113168;LIMPADOR FLORAL CONCENTRADO - 1LT;DESINFETANTES;34029019
01112568;LIMPADOR FLORAL CONCENTRADO - 1LT C/12;DESINFETANTES;34029019
03000072;LIMPADOR FLORAL CONCENTRADO - PET 5L;DESINFETANTES;34029019
03000081;LIMPADOR FLORAL CONCENTRADO - PET 5L FD C/04;DESINFETANTES;34029019
01111420;LIMPADOR JASMIM CONCENTRADO;DESINFETANTES;34029090
01111413;LIMPADOR JASMIM CONCENTRADO - 1LT;DESINFETANTES;34029019
01111613;LIMPADOR JASMIM CONCENTRADO - 1LT C/12;DESINFETANTES;34029019
03000073;LIMPADOR JASMIM CONCENTRADO - PET 5L;DESINFETANTES;34029019
03000082;LIMPADOR JASMIM CONCENTRADO - PET 5L FD C/04;DESINFETANTES;34029019
01110008;LIMPADOR KAYAKE CONCENTRADO;DESINFETANTES;34029090
01110014;LIMPADOR KAYAKE CONCENTRADO - 1LT;DESINFETANTES;34029019
01110011;LIMPADOR KAYAKE CONCENTRADO - 1LT C/12;DESINFETANTES;34029019
03000074;LIMPADOR KAYAKE CONCENTRADO - PET 5L;DESINFETANTES;34029019
03000083;LIMPADOR KAYAKE CONCENTRADO - PET 5L FD C/04;DESINFETANTES;34029019
01111421;LIMPADOR LAVANDA CONCENTRADO;DESINFETANTES;34029090
01111320;LIMPADOR LAVANDA CONCENTRADO - 1LT;DESINFETANTES;34029019
01111520;LIMPADOR LAVANDA CONCENTRADO - 1LT C/12;DESINFETANTES;34029019
03000075;LIMPADOR LAVANDA CONCENTRADO - PET 5L;DESINFETANTES;34029019
03000084;LIMPADOR LAVANDA CONCENTRADO - PET 5L FD C/04;DESINFETANTES;34029019
01110009;LIMPADOR PALMOLUX CONCENTRADO;DESINFETANTES;34029090
01110015;LIMPADOR PALMOLUX CONCENTRADO - 1LT;DESINFETANTES;34029019
01110012;LIMPADOR PALMOLUX CONCENTRADO - 1LT C/12;DESINFETANTES;34029019
03000076;LIMPADOR PALMOLUX CONCENTRADO - PET 5L;DESINFETANTES;34029019
03000085;LIMPADOR PALMOLUX CONCENTRADO - PET 5L FD C/04;DESINFETANTES;34029019
01111422;LIMPADOR PINHO CONCENTRADO;DESINFETANTES;34029090
01111423;LIMPADOR TALCO CONCENTRADO;DESINFETANTES;34029090
01118578;LIMPADOR TALCO CONCENTRADO - 1LT;DESINFETANTES;34029019
01118778;LIMPADOR TALCO CONCENTRADO - 1LT C/12;DESINFETANTES;34029019
03000077;LIMPADOR TALCO CONCENTRADO - PET 5L;DESINFETANTES;34029019
03000086;LIMPADOR TALCO CONCENTRADO - PET 5L FD C/04;DESINFETANTES;34029019
01109640;DETERGENTE AUTOMOTIVO;DETERGENTES;34029039
01109639;DETERGENTE AUTOMOTIVO - 1LT;DETERGENTES;34029039
01109839;DETERGENTE AUTOMOTIVO - 1LT C/12;DETERGENTES;34029039
03000031;DETERGENTE AUTOMOTIVO - PET 5L;DETERGENTES;34029039
03000032;DETERGENTE AUTOMOTIVO - PET 5L FD C/04;DETERGENTES;34029039
01102285;DETERGENTE AUTOMOTIVO C/ CERA;DETERGENTES;34029039
01100929;DETERGENTE AUTOMOTIVO C/ CERA - 1LT;DETERGENTES;34029039
01103658;DETERGENTE AUTOMOTIVO C/ CERA - 1LT C/12;DETERGENTES;34029039
01102282;DETERGENTE AUTOMOTIVO C/ CERA - 5LT;DETERGENTES;34029039
01102482;DETERGENTE AUTOMOTIVO C/ CERA - 5LT C/04;DETERGENTES;34029039
01040001;DETERGENTE COCO;DETERGENTES;34011190
01048838;DETERGENTE COCO - 2LT;DETERGENTES;34029039
01049038;DETERGENTE COCO - 2LT C/06;DETERGENTES;34029039
03000041;DETERGENTE COCO - PET 5L;DETERGENTES;34029039
03000042;DETERGENTE COCO - PET 5L FD C/04;DETERGENTES;34029039
01112160;DETERGENTE COCO CONCENTRADO;DETERGENTES;11081200
01112162;DETERGENTE COCO CONCENTRADO - 1LT;DETERGENTES;34029039
01112362;DETERGENTE COCO CONCENTRADO - 1LT C/12;DETERGENTES;34029039
03000110;DETERGENTE COCO CONCENTRADO - PET 5L;DETERGENTES;34029039
03000111;DETERGENTE COCO CONCENTRADO - PET 5L C/04;DETERGENTES;34029039
01129494;DETERGENTE CONCENTRADO (DDB);DETERGENTES;34011190
01125641;DETERGENTE CONCENTRADO (DDB) - 1LT;DETERGENTES;34011190
01129495;DETERGENTE CONCENTRADO (DDB) - 5LT;DETERGENTES;34011190
01112560;DETERGENTE CRISTAL CONCENTRADO;DETERGENTES;
01112561;DETERGENTE CRISTAL CONCENTRADO - 1LT;DETERGENTES;34029039
01112761;DETERGENTE CRISTAL CONCENTRADO - 1LT C/12;DETERGENTES;34029039
03000102;DETERGENTE CRISTAL CONCENTRADO - PET 5L;DETERGENTES;34029039
03000106;DETERGENTE CRISTAL CONCENTRADO - PET 5L C/04;DETERGENTES;34029039
01040002;DETERGENTE LIMAO;DETERGENTES;34011190
01046689;DETERGENTE LIMAO - 1LT;DETERGENTES;34029039
01046889;DETERGENTE LIMAO - 1LT C/12;DETERGENTES;34029039
01041254;DETERGENTE LIMAO - 2LT;DETERGENTES;34029039
01040006;DETERGENTE LIMAO - 2LT C/06;DETERGENTES;34029039
03000037;DETERGENTE LIMAO - PET 5L;DETERGENTES;34029039
03000038;DETERGENTE LIMAO - PET 5L FD C/04;DETERGENTES;34029039
01112159;DETERGENTE LIMAO CONCENTRADO;DETERGENTES;
01112152;DETERGENTE LIMAO CONCENTRADO - 1LT;DETERGENTES;34029039
01112352;DETERGENTE LIMAO CONCENTRADO - 1LT C/12;DETERGENTES;34029039
03000103;DETERGENTE LIMAO CONCENTRADO - PET 5L;DETERGENTES;34029039
03000107;DETERGENTE LIMAO CONCENTRADO - PET 5L C/04;DETERGENTES;34029039
01040003;DETERGENTE MACA;DETERGENTES;34011190
01041155;DETERGENTE MACA - 1LT;DETERGENTES;34029039
01041355;DETERGENTE MACA - 1LT C/12;DETERGENTES;34029039
01041509;DETERGENTE MACA - 2LT;DETERGENTES;34029039
01041236;DETERGENTE MACA - 2LT C/06;DETERGENTES;34029039
03000039;DETERGENTE MACA - PET 5L;DETERGENTES;34029039
03000040;DETERGENTE MACA - PET 5L FD C/04;DETERGENTES;34029039
01112158;DETERGENTE MACA CONCENTRADO;DETERGENTES;
01115914;DETERGENTE MACA CONCENTRADO - 1LT;DETERGENTES;34029039
01116114;DETERGENTE MACA CONCENTRADO - 1LT C/12;DETERGENTES;34029039
03000104;DETERGENTE MACA CONCENTRADO - PET 5L;DETERGENTES;34029039
03000108;DETERGENTE MACA CONCENTRADO - PET 5L C/04;DETERGENTES;34029039
01040004;DETERGENTE NEUTRO;DETERGENTES;34011190
01041503;DETERGENTE NEUTRO - 1LT;DETERGENTES;34029039
01041703;DETERGENTE NEUTRO - 1LT C/12;DETERGENTES;34029039
01041505;DETERGENTE NEUTRO - 2LT;DETERGENTES;34029039
01041235;DETERGENTE NEUTRO - 2LT C/06;DETERGENTES;34029039
03000011;DETERGENTE NEUTRO - PET 5L;DETERGENTES;34029039
03000012;DETERGENTE NEUTRO - PET 5L FD C/04;DETERGENTES;34029039
01112157;DETERGENTE NEUTRO CONCENTRADO;DETERGENTES;
01117131;DETERGENTE NEUTRO CONCENTRADO - 1LT;DETERGENTES;34029039
01117331;DETERGENTE NEUTRO CONCENTRADO - 1LT C/12;DETERGENTES;34029039
03000105;DETERGENTE NEUTRO CONCENTRADO - PET 5L;DETERGENTES;34029039
03000109;DETERGENTE NEUTRO CONCENTRADO - PET 5L C/04;DETERGENTES;34029039
02100054;ESS PER FEM 212 SEXY - 10ML;ESSENCIA DE PERFUME;33029019
02120054;ESS PER FEM 212 SEXY - 10ML CX12;ESSENCIA DE PERFUME;33029019
02030054;ESS PER FEM 212 SEXY - 1KG;ESSENCIA DE PERFUME;33029019
02100056;ESS PER FEM 212 VIP ROSE - 10ML;ESSENCIA DE PERFUME;33029019
02120056;ESS PER FEM 212 VIP ROSE - 10ML CX12;ESSENCIA DE PERFUME;33029019
02030056;ESS PER FEM 212 VIP ROSE - 1KG;ESSENCIA DE PERFUME;33029019
0301000137;ESS PER FEM 212 VIP ROSE - 5KG;ESSENCIA DE PERFUME;33029019
02100055;ESS PER FEM 212 WHITE - 10ML;ESSENCIA DE PERFUME;33029019
02120055;ESS PER FEM 212 WHITE - 10ML CX12;ESSENCIA DE PERFUME;33029019
02030055;ESS PER FEM 212 WHITE - 1KG;ESSENCIA DE PERFUME;33029019
03017834;ESS PER FEM ACGUA DI GIO - 10ML;ESSENCIA DE PERFUME;33029019
0301000001;ESS PER FEM ACGUA DI GIO - 10ML CX12;ESSENCIA DE PERFUME;33029019
0301000064;ESS PER FEM ACGUA DI GIO - 1KG;ESSENCIA DE PERFUME;33029019
03012380;ESS PER FEM ACQUA FRESCA - 10ML;ESSENCIA DE PERFUME;33029019
0301000002;ESS PER FEM ACQUA FRESCA - 10ML CX12;ESSENCIA DE PERFUME;33029019
0301000065;ESS PER FEM ACQUA FRESCA - 1KG;ESSENCIA DE PERFUME;33029019
03017835;ESS PER FEM ANAIS ANAIS - 10ML;ESSENCIA DE PERFUME;33029019
0301000003;ESS PER FEM ANAIS ANAIS - 10ML CX12;ESSENCIA DE PERFUME;33029019
0301000066;ESS PER FEM ANAIS ANAIS - 1KG;ESSENCIA DE PERFUME;33029019
03010893;ESS PER FEM ANGEL - 10ML;ESSENCIA DE PERFUME;33029019
0301000004;ESS PER FEM ANGEL - 10ML CX12;ESSENCIA DE PERFUME;33029019
0301000067;ESS PER FEM ANGEL - 1KG;ESSENCIA DE PERFUME;33029019
03015626;ESS PER FEM ANGEL INNOCENNT - 10ML;ESSENCIA DE PERFUME;33029019
0301000005;ESS PER FEM ANGEL INNOCENNT - 10ML CX12;ESSENCIA DE PERFUME;33029019
0301000068;ESS PER FEM ANGEL INNOCENNT - 1KG;ESSENCIA DE PERFUME;33029019
02106200;ESS PER FEM BIOGRAFIA - 10ML;ESSENCIA DE PERFUME;33029019
02126200;ESS PER FEM BIOGRAFIA - 10ML CX12;ESSENCIA DE PERFUME;33029019
02036200;ESS PER FEM BIOGRAFIA - 1KG;ESSENCIA DE PERFUME;33029019
03013807;ESS PER FEM CAROLINA HERRERA - 10ML;ESSENCIA DE PERFUME;33029019
0301000007;ESS PER FEM CAROLINA HERRERA - 10ML CX12;ESSENCIA DE PERFUME;33029019
0301000070;ESS PER FEM CAROLINA HERRERA - 1KG;ESSENCIA DE PERFUME;33029019
03013808;ESS PER FEM CAROLINA HERRERA 212 - 10ML;ESSENCIA DE PERFUME;33029019
0301000008;ESS PER FEM CAROLINA HERRERA 212 - 10ML CX12;ESSENCIA DE PERFUME;33029019
0301000071;ESS PER FEM CAROLINA HERRERA 212 - 1KG;ESSENCIA DE PERFUME;33029019
03014896;ESS PER FEM CHANEL N 05 - 10ML;ESSENCIA DE PERFUME;33029019
0301000009;ESS PER FEM CHANEL N 05 - 10ML CX12;ESSENCIA DE PERFUME;33029019
0301000072;ESS PER FEM CHANEL N 05 - 1KG;ESSENCIA DE PERFUME;33029019
03019350;ESS PER FEM COFFEE - 10ML;ESSENCIA DE PERFUME;33029019
0301000010;ESS PER FEM COFFEE - 10ML CX12;ESSENCIA DE PERFUME;33029019
0301000073;ESS PER FEM COFFEE - 1KG;ESSENCIA DE PERFUME;33029019
02100051;ESS PER FEM DIESEL - 10ML;ESSENCIA DE PERFUME;33029019
02120051;ESS PER FEM DIESEL - 10ML CX12;ESSENCIA DE PERFUME;33029019
02030051;ESS PER FEM DIESEL - 1KG;ESSENCIA DE PERFUME;33029019
0301000130;ESS PER FEM DOLCE&GABBANNA - 10ML;ESSENCIA DE PERFUME;33029019
0301000133;ESS PER FEM DOLCE&GABBANNA - 10ML CX12;ESSENCIA DE PERFUME;33029019
0301000127;ESS PER FEM DOLCE&GABBANNA - 1KG;ESSENCIA DE PERFUME;33029019
0301000157;ESS PER FEM DOLCE&GABBANNA - 5KG;ESSENCIA DE PERFUME;33029019
03011586;ESS PER FEM DUNNE - 10ML;ESSENCIA DE PERFUME;33029019
0301000011;ESS PER FEM DUNNE - 10ML CX12;ESSENCIA DE PERFUME;33029019
0301000074;ESS PER FEM DUNNE - 1KG;ESSENCIA DE PERFUME;33029019
03019303;ESS PER FEM FEMME.COM - 10ML;ESSENCIA DE PERFUME;33029019
0301000012;ESS PER FEM FEMME.COM - 10ML CX12;ESSENCIA DE PERFUME;33029019
0301000075;ESS PER FEM FEMME.COM - 1KG;ESSENCIA DE PERFUME;33029019
03013206;ESS PER FEM FLORATTA - 10ML;ESSENCIA DE PERFUME;33029019
0301000013;ESS PER FEM FLORATTA - 10ML CX12;ESSENCIA DE PERFUME;33029019
0301000076;ESS PER FEM FLORATTA - 1KG;ESSENCIA DE PERFUME;33029019
03017907;ESS PER FEM FREE - 10ML;ESSENCIA DE PERFUME;33029019
0301000014;ESS PER FEM FREE - 10ML CX12;ESSENCIA DE PERFUME;33029019
0301000077;ESS PER FEM FREE - 1KG;ESSENCIA DE PERFUME;33029019
03014912;ESS PER FEM GABRIELA SABATINI - 10ML;ESSENCIA DE PERFUME;33029019
0301000015;ESS PER FEM GABRIELA SABATINI - 10ML CX12;ESSENCIA DE PERFUME;33029019
0301000078;ESS PER FEM GABRIELA SABATINI - 1KG;ESSENCIA DE PERFUME;33029019
03014534;ESS PER FEM GLAMOUR - 10ML;ESSENCIA DE PERFUME;33029019
0301000016;ESS PER FEM GLAMOUR - 10ML CX12;ESSENCIA DE PERFUME;33029019
0301000079;ESS PER FEM GLAMOUR - 1KG;ESSENCIA DE PERFUME;33029019
0301000138;ESS PER FEM GLAMOUR - 5KG;ESSENCIA DE PERFUME;33029019
0301000147;ESS PER FEM GODD GIRL - 10ML CX12;ESSENCIA DE PERFUME;33029019
0301000141;ESS PER FEM GOOD GIRL - 10ML;ESSENCIA DE PERFUME;33029019
0301000150;ESS PER FEM GOOD GIRL - 1KG;ESSENCIA DE PERFUME;33029019
0301000154;ESS PER FEM GOOD GIRL - 5KG;ESSENCIA DE PERFUME;33029019
03019119;ESS PER FEM HOJE - 10ML;ESSENCIA DE PERFUME;33029019
0301000017;ESS PER FEM HOJE - 10ML CX12;ESSENCIA DE PERFUME;33029019
0301000080;ESS PER FEM HOJE - 1KG;ESSENCIA DE PERFUME;33029019
03015587;ESS PER FEM HUGO BOSS - 10ML;ESSENCIA DE PERFUME;33029019
0301000018;ESS PER FEM HUGO BOSS - 10ML CX12;ESSENCIA DE PERFUME;33029019
0301000081;ESS PER FEM HUGO BOSS - 1KG;ESSENCIA DE PERFUME;33029019
03018265;ESS PER FEM INSENZATEZ - 10ML;ESSENCIA DE PERFUME;33029019
0301000019;ESS PER FEM INSENZATEZ - 10ML CX12;ESSENCIA DE PERFUME;33029019
0301000082;ESS PER FEM INSENZATEZ - 1KG;ESSENCIA DE PERFUME;33029019
03011201;ESS PER FEM KOUROS  - 10ML;ESSENCIA DE PERFUME;33029019
0301000020;ESS PER FEM KOUROS  - 10ML CX12;ESSENCIA DE PERFUME;33029019
0301000083;ESS PER FEM KOUROS  - 1KG;ESSENCIA DE PERFUME;33029019
03018117;ESS PER FEM KRISKA - 10ML;ESSENCIA DE PERFUME;33029019
0301000021;ESS PER FEM KRISKA - 10ML CX12;ESSENCIA DE PERFUME;33029019
0301000084;ESS PER FEM KRISKA - 1KG;ESSENCIA DE PERFUME;33029019
0301000131;ESS PER FEM LA VIE EST BELLE - 10ML;ESSENCIA DE PERFUME;33029019
0301000134;ESS PER FEM LA VIE EST BELLE - 10ML CX12;ESSENCIA DE PERFUME;33029019
0301000128;ESS PER FEM LA VIE EST BELLE - 1KG;ESSENCIA DE PERFUME;33029019
0301000156;ESS PER FEM LA VIE EST BELLE - 5KG;ESSENCIA DE PERFUME;33029019
02100050;ESS PER FEM LADY MILLION - 10ML;ESSENCIA DE PERFUME;33029019
02120050;ESS PER FEM LADY MILLION - 10ML CX12;ESSENCIA DE PERFUME;33029019
02030050;ESS PER FEM LADY MILLION - 1KG;ESSENCIA DE PERFUME;33029019
03016240;ESS PER FEM LAVANDA INGLESA - 10ML;ESSENCIA DE PERFUME;33029019
0301000022;ESS PER FEM LAVANDA INGLESA - 10ML CX12;ESSENCIA DE PERFUME;33029019
0301000085;ESS PER FEM LAVANDA INGLESA - 1KG;ESSENCIA DE PERFUME;33029019
03018574;ESS PER FEM LUA - 10ML;ESSENCIA DE PERFUME;33029019
0301000023;ESS PER FEM LUA - 10ML CX12;ESSENCIA DE PERFUME;33029019
0301000086;ESS PER FEM LUA - 1KG;ESSENCIA DE PERFUME;33029019
0301000142;ESS PER FEM MISS DIOR - 10ML;ESSENCIA DE PERFUME;33029019
0301000148;ESS PER FEM MISS DIOR - 10ML CX12;ESSENCIA DE PERFUME;33029019
0301000151;ESS PER FEM MISS DIOR - 1KG;ESSENCIA DE PERFUME;33029019
0301000155;ESS PER FEM MISS DIOR - 5KG;ESSENCIA DE PERFUME;33029019
03018673;ESS PER FEM PARIS - 10ML;ESSENCIA DE PERFUME;33029019
0301000024;ESS PER FEM PARIS - 10ML CX12;ESSENCIA DE PERFUME;33029019
0301000087;ESS PER FEM PARIS - 1KG;ESSENCIA DE PERFUME;33029019
03015916;ESS PER FEM POLLO BLUE - 10ML;ESSENCIA DE PERFUME;33029019
0301000025;ESS PER FEM POLLO BLUE - 10ML CX12;ESSENCIA DE PERFUME;33029019
0301000088;ESS PER FEM POLLO BLUE - 1KG;ESSENCIA DE PERFUME;33029019
03014877;ESS PER FEM SOL - 10ML;ESSENCIA DE PERFUME;33029019
0301000026;ESS PER FEM SOL - 10ML CX12;ESSENCIA DE PERFUME;33029019
0301000089;ESS PER FEM SOL - 1KG;ESSENCIA DE PERFUME;33029019
03019794;ESS PER FEM THATHY - 10ML;ESSENCIA DE PERFUME;33029019
0301000027;ESS PER FEM THATHY - 10ML CX12;ESSENCIA DE PERFUME;33029019
0301000090;ESS PER FEM THATHY - 1KG;ESSENCIA DE PERFUME;33029019
02100053;ESS PER FEM VS APPLE - 10ML;ESSENCIA DE PERFUME;33029019
02120053;ESS PER FEM VS APPLE - 10ML CX12;ESSENCIA DE PERFUME;33029019
02030053;ESS PER FEM VS APPLE - 1KG;ESSENCIA DE PERFUME;33029019
02100052;ESS PER FEM VS VERY SEXY - 10ML;ESSENCIA DE PERFUME;33029019
02120052;ESS PER FEM VS VERY SEXY - 10ML CX12;ESSENCIA DE PERFUME;33029019
02030052;ESS PER FEM VS VERY SEXY - 1KG;ESSENCIA DE PERFUME;33029019
02100057;ESS PER MAS 212 VIP BLACK - 10ML;ESSENCIA DE PERFUME;33029019
02120057;ESS PER MAS 212 VIP BLACK - 10ML CX12;ESSENCIA DE PERFUME;33029019
02030057;ESS PER MAS 212 VIP BLACK - 1KG;ESSENCIA DE PERFUME;33029019
02100060;ESS PER MAS 212 VIP SILVER - 10ML;ESSENCIA DE PERFUME;33029019
02120060;ESS PER MAS 212 VIP SILVER - 10ML CX12;ESSENCIA DE PERFUME;33029019
02030060;ESS PER MAS 212 VIP SILVER - 1KG;ESSENCIA DE PERFUME;33029019
03016296;ESS PER MAS ACGUA DI GIO - 10ML;ESSENCIA DE PERFUME;33029019
0301000028;ESS PER MAS ACGUA DI GIO - 10ML CX12;ESSENCIA DE PERFUME;33029019
0301000091;ESS PER MAS ACGUA DI GIO - 1KG;ESSENCIA DE PERFUME;33029019
03010052;ESS PER MAS AZARRO - 10ML;ESSENCIA DE PERFUME;33029019
0301000029;ESS PER MAS AZARRO - 10ML CX12;ESSENCIA DE PERFUME;33029019
0301000092;ESS PER MAS AZARRO - 1KG;ESSENCIA DE PERFUME;33029019
03011039;ESS PER MAS BALDESSARINI  - 10ML;ESSENCIA DE PERFUME;33029019
0301000030;ESS PER MAS BALDESSARINI  - 10ML CX12;ESSENCIA DE PERFUME;33029019
0301000093;ESS PER MAS BALDESSARINI  - 1KG;ESSENCIA DE PERFUME;33029019
03016952;ESS PER MAS BIOGRAFIA - 10ML;ESSENCIA DE PERFUME;33029019
0301000031;ESS PER MAS BIOGRAFIA - 10ML CX12;ESSENCIA DE PERFUME;33029019
0301000094;ESS PER MAS BIOGRAFIA - 1KG;ESSENCIA DE PERFUME;33029019
02100059;ESS PER MAS BULGARI BLACK - 10ML;ESSENCIA DE PERFUME;33029019
02120059;ESS PER MAS BULGARI BLACK - 10ML CX12;ESSENCIA DE PERFUME;33029019
02030059;ESS PER MAS BULGARI BLACK - 1KG;ESSENCIA DE PERFUME;33029019
03013467;ESS PER MAS CAROLINA HERRERA - 10ML;ESSENCIA DE PERFUME;33029019
0301000032;ESS PER MAS CAROLINA HERRERA - 10ML CX12;ESSENCIA DE PERFUME;33029019
0301000095;ESS PER MAS CAROLINA HERRERA - 1KG;ESSENCIA DE PERFUME;33029019
03017885;ESS PER MAS CHANEL ALLURE - 10ML;ESSENCIA DE PERFUME;33029019
0301000033;ESS PER MAS CHANEL ALLURE - 10ML CX12;ESSENCIA DE PERFUME;33029019
0301000096;ESS PER MAS CHANEL ALLURE - 1KG;ESSENCIA DE PERFUME;33029019
03018540;ESS PER MAS CK BE  - 10ML;ESSENCIA DE PERFUME;33029019
0301000034;ESS PER MAS CK BE  - 10ML CX12;ESSENCIA DE PERFUME;33029019
0301000097;ESS PER MAS CK BE  - 1KG;ESSENCIA DE PERFUME;33029019
03010445;ESS PER MAS CK ONE - 10ML;ESSENCIA DE PERFUME;33029019
0301000035;ESS PER MAS CK ONE - 10ML CX12;ESSENCIA DE PERFUME;33029019
0301000098;ESS PER MAS CK ONE - 1KG;ESSENCIA DE PERFUME;33029019
03015446;ESS PER MAS CONNEXION - 10ML;ESSENCIA DE PERFUME;33029019
0301000036;ESS PER MAS CONNEXION - 10ML CX12;ESSENCIA DE PERFUME;33029019
0301000099;ESS PER MAS CONNEXION - 1KG;ESSENCIA DE PERFUME;33029019
02100058;ESS PER MAS DIESEL - 10ML;ESSENCIA DE PERFUME;33029019
02120058;ESS PER MAS DIESEL - 10ML CX12;ESSENCIA DE PERFUME;33029019
02030058;ESS PER MAS DIESEL - 1KG;ESSENCIA DE PERFUME;33029019
03012923;ESS PER MAS DOLCE&GABBANNA - 10ML;ESSENCIA DE PERFUME;33029019
0301000037;ESS PER MAS DOLCE&GABBANNA - 10ML CX12;ESSENCIA DE PERFUME;33029019
0301000100;ESS PER MAS DOLCE&GABBANNA - 1KG;ESSENCIA DE PERFUME;33029019
0301000136;ESS PER MAS DOLCE&GABBANNA - 5KG;ESSENCIA DE PERFUME;33029019
03010353;ESS PER MAS DRAKKAIR - 10ML;ESSENCIA DE PERFUME;33029019
0301000038;ESS PER MAS DRAKKAIR - 10ML CX12;ESSENCIA DE PERFUME;33029019
0301000101;ESS PER MAS DRAKKAIR - 1KG;ESSENCIA DE PERFUME;33029019
03011085;ESS PER MAS DUNNE - 10ML;ESSENCIA DE PERFUME;33029019
0301000039;ESS PER MAS DUNNE - 10ML CX12;ESSENCIA DE PERFUME;33029019
0301000102;ESS PER MAS DUNNE - 1KG;ESSENCIA DE PERFUME;33029019
03012735;ESS PER MAS EGEO - 10ML;ESSENCIA DE PERFUME;33029019
0301000040;ESS PER MAS EGEO - 10ML CX12;ESSENCIA DE PERFUME;33029019
0301000103;ESS PER MAS EGEO - 1KG;ESSENCIA DE PERFUME;33029019
03017463;ESS PER MAS ESSENCIAL - 10ML;ESSENCIA DE PERFUME;33029019
0301000041;ESS PER MAS ESSENCIAL - 10ML CX12;ESSENCIA DE PERFUME;33029019
0301000104;ESS PER MAS ESSENCIAL - 1KG;ESSENCIA DE PERFUME;33029019
03018274;ESS PER MAS ETERNITY - 10ML;ESSENCIA DE PERFUME;33029019
0301000042;ESS PER MAS ETERNITY - 10ML CX12;ESSENCIA DE PERFUME;33029019
0301000105;ESS PER MAS ETERNITY - 1KG;ESSENCIA DE PERFUME;33029019
03018636;ESS PER MAS FARENHAITY - 10ML;ESSENCIA DE PERFUME;33029019
0301000043;ESS PER MAS FARENHAITY - 10ML CX12;ESSENCIA DE PERFUME;33029019
0301000106;ESS PER MAS FARENHAITY - 1KG;ESSENCIA DE PERFUME;33029019
03010849;ESS PER MAS FERRARI BLACK - 10ML;ESSENCIA DE PERFUME;33029019
0301000044;ESS PER MAS FERRARI BLACK - 10ML CX12;ESSENCIA DE PERFUME;33029019
0301000107;ESS PER MAS FERRARI BLACK - 1KG;ESSENCIA DE PERFUME;33029019
03016524;ESS PER MAS FERRARI RED - 10ML;ESSENCIA DE PERFUME;33029019
0301000045;ESS PER MAS FERRARI RED - 10ML CX12;ESSENCIA DE PERFUME;33029019
0301000108;ESS PER MAS FERRARI RED - 1KG;ESSENCIA DE PERFUME;33029019
03013520;ESS PER MAS HOJE - 10ML;ESSENCIA DE PERFUME;33029019
0301000046;ESS PER MAS HOJE - 10ML CX12;ESSENCIA DE PERFUME;33029019
0301000109;ESS PER MAS HOJE - 1KG;ESSENCIA DE PERFUME;33029019
03017942;ESS PER MAS HUGO BOSS - 10ML;ESSENCIA DE PERFUME;33029019
0301000047;ESS PER MAS HUGO BOSS - 10ML CX12;ESSENCIA DE PERFUME;33029019
0301000110;ESS PER MAS HUGO BOSS - 1KG;ESSENCIA DE PERFUME;33029019
03011147;ESS PER MAS HUGO BOSS ELEMENTS - 10ML;ESSENCIA DE PERFUME;33029019
0301000048;ESS PER MAS HUGO BOSS ELEMENTS - 10ML CX12;ESSENCIA DE PERFUME;33029019
0301000111;ESS PER MAS HUGO BOSS ELEMENTS - 1KG;ESSENCIA DE PERFUME;33029019
03012958;ESS PER MAS INTENSE - 10ML;ESSENCIA DE PERFUME;33029019
0301000049;ESS PER MAS INTENSE - 10ML CX12;ESSENCIA DE PERFUME;33029019
0301000112;ESS PER MAS INTENSE - 1KG;ESSENCIA DE PERFUME;33029019
0301000132;ESS PER MAS INVICTUS - 10ML;ESSENCIA DE PERFUME;33029019
0301000135;ESS PER MAS INVICTUS - 10ML CX12;ESSENCIA DE PERFUME;33029019
0301000129;ESS PER MAS INVICTUS - 1KG;ESSENCIA DE PERFUME;33029019
0301000158;ESS PER MAS INVICTUS - 5KG;ESSENCIA DE PERFUME;33029019
03018400;ESS PER MAS KAYAK - 10ML;ESSENCIA DE PERFUME;33029019
0301000050;ESS PER MAS KAYAK - 10ML CX12;ESSENCIA DE PERFUME;33029019
0301000113;ESS PER MAS KAYAK - 1KG;ESSENCIA DE PERFUME;33029019
03011686;ESS PER MAS MALBEC - 10ML;ESSENCIA DE PERFUME;33029019
0301000051;ESS PER MAS MALBEC - 10ML CX12;ESSENCIA DE PERFUME;33029019
0301000114;ESS PER MAS MALBEC - 1KG;ESSENCIA DE PERFUME;33029019
03017911;ESS PER MAS MINOTAURE - 10ML;ESSENCIA DE PERFUME;33029019
0301000052;ESS PER MAS MINOTAURE - 10ML CX12;ESSENCIA DE PERFUME;33029019
0301000115;ESS PER MAS MINOTAURE - 1KG;ESSENCIA DE PERFUME;33029019
03017192;ESS PER MAS MONT BLANC PRESENSE - 10ML;ESSENCIA DE PERFUME;33029019
0301000053;ESS PER MAS MONT BLANC PRESENSE - 10ML CX12;ESSENCIA DE PERFUME;33029019
0301000116;ESS PER MAS MONT BLANC PRESENSE - 1KG;ESSENCIA DE PERFUME;33029019
02100061;ESS PER MAS ONE MILLION - 10ML;ESSENCIA DE PERFUME;33029019
02120061;ESS PER MAS ONE MILLION - 10ML CX12;ESSENCIA DE PERFUME;33029019
02030061;ESS PER MAS ONE MILLION - 1KG;ESSENCIA DE PERFUME;33029019
03013448;ESS PER MAS PACO RABANNE - 10ML;ESSENCIA DE PERFUME;33029019
0301000054;ESS PER MAS PACO RABANNE - 10ML CX12;ESSENCIA DE PERFUME;33029019
0301000117;ESS PER MAS PACO RABANNE - 1KG;ESSENCIA DE PERFUME;33029019
03017437;ESS PER MAS POLLO - 10ML;ESSENCIA DE PERFUME;33029019
0301000055;ESS PER MAS POLLO - 10ML CX12;ESSENCIA DE PERFUME;33029019
0301000118;ESS PER MAS POLLO - 1KG;ESSENCIA DE PERFUME;33029019
03012943;ESS PER MAS POLLO SPORT - 10ML;ESSENCIA DE PERFUME;33029019
0301000056;ESS PER MAS POLLO SPORT - 10ML CX12;ESSENCIA DE PERFUME;33029019
0301000119;ESS PER MAS POLLO SPORT - 1KG;ESSENCIA DE PERFUME;33029019
03018814;ESS PER MAS PORTINARI - 10ML;ESSENCIA DE PERFUME;33029019
0301000057;ESS PER MAS PORTINARI - 10ML CX12;ESSENCIA DE PERFUME;33029019
0301000120;ESS PER MAS PORTINARI - 1KG;ESSENCIA DE PERFUME;33029019
03017775;ESS PER MAS QUASAR - 10ML;ESSENCIA DE PERFUME;33029019
0301000058;ESS PER MAS QUASAR - 10ML CX12;ESSENCIA DE PERFUME;33029019
0301000121;ESS PER MAS QUASAR - 1KG;ESSENCIA DE PERFUME;33029019
03016353;ESS PER MAS SINTONIA - 10ML;ESSENCIA DE PERFUME;33029019
0301000059;ESS PER MAS SINTONIA - 10ML CX12;ESSENCIA DE PERFUME;33029019
0301000122;ESS PER MAS SINTONIA - 1KG;ESSENCIA DE PERFUME;33029019
03014767;ESS PER MAS STYLETTO - 10ML;ESSENCIA DE PERFUME;33029019
0301000060;ESS PER MAS STYLETTO - 10ML CX12;ESSENCIA DE PERFUME;33029019
0301000123;ESS PER MAS STYLETTO - 1KG;ESSENCIA DE PERFUME;33029019
03011299;ESS PER MAS TED LAPIDUS - 10ML;ESSENCIA DE PERFUME;33029019
0301000061;ESS PER MAS TED LAPIDUS - 10ML CX12;ESSENCIA DE PERFUME;33029019
0301000124;ESS PER MAS TED LAPIDUS - 1KG;ESSENCIA DE PERFUME;33029019
03013007;ESS PER MAS TOMMY HELFINGER - 10ML;ESSENCIA DE PERFUME;33029019
0301000062;ESS PER MAS TOMMY HELFINGER - 10ML CX12;ESSENCIA DE PERFUME;33029019
0301000125;ESS PER MAS TOMMY HELFINGER - 1KG;ESSENCIA DE PERFUME;33029019
03011140;ESS PER MAS UOMINI BLACK - 10ML;ESSENCIA DE PERFUME;33029019
0301000063;ESS PER MAS UOMINI BLACK - 10ML CX12;ESSENCIA DE PERFUME;33029019
0301000126;ESS PER MAS UOMINI BLACK - 1KG;ESSENCIA DE PERFUME;33029019
02030002;ESSENCIA, ACAI - 1X1000 - 1KG;ESSENCIA FRACIONADA;33029019
02050002;ESSENCIA, ACAI - 1X1000 - 5KG;ESSENCIA FRACIONADA;33029019
02110002;ESSENCIA, ACAI - 1X200 - 100ML;ESSENCIA FRACIONADA;33029019
02210002;ESSENCIA, ACAI - 1X200 - 100ML CX20;ESSENCIA FRACIONADA;33029019
02070002;ESSENCIA, ACAI - 1X200 - 1LT;ESSENCIA FRACIONADA;33029019
02130002;ESSENCIA, ACAI - 1X200 - 500ML;ESSENCIA FRACIONADA;33029019
02090002;ESSENCIA, ACAI - 1X200 - 5LT;ESSENCIA FRACIONADA;33029019
02030020;ESSENCIA, ACAI PLUS - 1X1000 - 1KG;ESSENCIA FRACIONADA;33029019
02050020;ESSENCIA, ACAI PLUS - 1X1000 - 5KG;ESSENCIA FRACIONADA;33029019
02110020;ESSENCIA, ACAI PLUS - 1X200 - 100ML;ESSENCIA FRACIONADA;33029019
02210020;ESSENCIA, ACAI PLUS - 1X200 - 100ML CX20;ESSENCIA FRACIONADA;33029019
02070020;ESSENCIA, ACAI PLUS - 1X200 - 1LT;ESSENCIA FRACIONADA;33029019
02130020;ESSENCIA, ACAI PLUS - 1X200 - 500ML;ESSENCIA FRACIONADA;33029019
02090020;ESSENCIA, ACAI PLUS - 1X200 - 5LT;ESSENCIA FRACIONADA;33029019
0202000304;ESSENCIA, ACE BRAZIL - 1X1000 - 1KG;ESSENCIA FRACIONADA;33029019
02029111;ESSENCIA, AGUA DE VERAO - 1X1000 - 1KG;ESSENCIA FRACIONADA;33029019
020291113;ESSENCIA, AGUA DE VERAO - 1X1000 - 5KG;ESSENCIA FRACIONADA;33029019
02020682;ESSENCIA, AGUA DE VERAO - 1X200 HS - 100ML;ESSENCIA FRACIONADA;33029019
0202000001;ESSENCIA, AGUA DE VERAO - 1X200 HS - 100ML CX20;ESSENCIA FRACIONADA;33029019
02020912;ESSENCIA, AGUA DE VERAO - 1X200 HS - 1LT;ESSENCIA FRACIONADA;33029019
02023387;ESSENCIA, AGUA DE VERAO - 1X200 HS - 500ML;ESSENCIA FRACIONADA;33029019
020291128;ESSENCIA, AGUA DE VERAO - 1X200 HS - 5LT;ESSENCIA FRACIONADA;33029019
02030044;ESSENCIA, AGUA FRESCA - 1X1000 - 1KG;ESSENCIA FRACIONADA;33029019
02050044;ESSENCIA, AGUA FRESCA - 1X1000 - 5KG;ESSENCIA FRACIONADA;33029019
02110044;ESSENCIA, AGUA FRESCA - 1X200 - 100ML;ESSENCIA FRACIONADA;33029019
02210044;ESSENCIA, AGUA FRESCA - 1X200 - 100ML CX20;ESSENCIA FRACIONADA;33029019
02070044;ESSENCIA, AGUA FRESCA - 1X200 - 1LT;ESSENCIA FRACIONADA;33029019
02130044;ESSENCIA, AGUA FRESCA - 1X200 - 500ML;ESSENCIA FRACIONADA;33029019
02090044;ESSENCIA, AGUA FRESCA - 1X200 - 5LT;ESSENCIA FRACIONADA;33029019
020200102;ESSENCIA, ALECRIM - 1X1000 - 1KG;ESSENCIA FRACIONADA;33029019
020200104;ESSENCIA, ALECRIM - 1X1000 - 5KG;ESSENCIA FRACIONADA;33029019
020200001;ESSENCIA, ALECRIM - 1X200 HS - 100ML;ESSENCIA FRACIONADA;33029019
0202000002;ESSENCIA, ALECRIM - 1X200 HS - 100ML CX20;ESSENCIA FRACIONADA;33029019
020200101;ESSENCIA, ALECRIM - 1X200 HS - 1LT;ESSENCIA FRACIONADA;33029019
020200100;ESSENCIA, ALECRIM - 1X200 HS - 500ML;ESSENCIA FRACIONADA;33029019
020200103;ESSENCIA, ALECRIM - 1X200 HS - 5LT;ESSENCIA FRACIONADA;33029019
020291112;ESSENCIA, ALFAZEMA - 1X1000 - 1KG;ESSENCIA FRACIONADA;33029019
02029113;ESSENCIA, ALFAZEMA - 1X1000 - 5KG;ESSENCIA FRACIONADA;33029019
02029994;ESSENCIA, ALFAZEMA - 1X200 HS - 100ML;ESSENCIA FRACIONADA;33029019
0202000003;ESSENCIA, ALFAZEMA - 1X200 HS - 100ML CX20;ESSENCIA FRACIONADA;33029019
02022916;ESSENCIA, ALFAZEMA - 1X200 HS - 1LT;ESSENCIA FRACIONADA;33029019
02021804;ESSENCIA, ALFAZEMA - 1X200 HS - 500ML;ESSENCIA FRACIONADA;33029019
020291129;ESSENCIA, ALFAZEMA - 1X200 HS - 5LT;ESSENCIA FRACIONADA;33029019
02029114;ESSENCIA, ALGAS MARINHAS - 1X1000 - 1KG;ESSENCIA FRACIONADA;33029019
020291115;ESSENCIA, ALGAS MARINHAS - 1X1000 - 5KG;ESSENCIA FRACIONADA;33029019
02020577;ESSENCIA, ALGAS MARINHAS - 1X200 HS - 100ML;ESSENCIA FRACIONADA;33029019
0202000004;ESSENCIA, ALGAS MARINHAS - 1X200 HS - 100ML CX20;ESSENCIA FRACIONADA;33029019
02024399;ESSENCIA, ALGAS MARINHAS - 1X200 HS - 1LT;ESSENCIA FRACIONADA;33029019
02027235;ESSENCIA, ALGAS MARINHAS - 1X200 HS - 500ML;ESSENCIA FRACIONADA;33029019
020291130;ESSENCIA, ALGAS MARINHAS - 1X200 HS - 5LT;ESSENCIA FRACIONADA;33029019
02030003;ESSENCIA, ALGODAO - 1X1000 - 1KG;ESSENCIA FRACIONADA;33029019
02050003;ESSENCIA, ALGODAO - 1X1000 - 5KG;ESSENCIA FRACIONADA;33029019
02110003;ESSENCIA, ALGODAO - 1X200 - 100ML;ESSENCIA FRACIONADA;33029019
02210003;ESSENCIA, ALGODAO - 1X200 - 100ML CX20;ESSENCIA FRACIONADA;33029019
02070003;ESSENCIA, ALGODAO - 1X200 - 1LT;ESSENCIA FRACIONADA;33029019
02130003;ESSENCIA, ALGODAO - 1X200 - 500ML;ESSENCIA FRACIONADA;33029019
02090003;ESSENCIA, ALGODAO - 1X200 - 5LT;ESSENCIA FRACIONADA;33029019
0202000114;ESSENCIA, ALOE VERA - 1X1000 - 1KG;ESSENCIA FRACIONADA;33029019
0202000138;ESSENCIA, ALOE VERA - 1X1000 - 5KG;ESSENCIA FRACIONADA;33029019
0202000161;ESSENCIA, ALOE VERA - 1X200 HS - 100ML;ESSENCIA FRACIONADA;33029019
0202000162;ESSENCIA, ALOE VERA - 1X200 HS - 100ML CX20;ESSENCIA FRACIONADA;33029019
0202000163;ESSENCIA, ALOE VERA - 1X200 HS - 1LT;ESSENCIA FRACIONADA;33029019
0202000164;ESSENCIA, ALOE VERA - 1X200 HS - 500ML;ESSENCIA FRACIONADA;33029019
0202000165;ESSENCIA, ALOE VERA - 1X200 HS - 5LT;ESSENCIA FRACIONADA;33029019
02030004;ESSENCIA, ALOE VERA PLUS - 1X1000 - 1KG;ESSENCIA FRACIONADA;33029019
02050004;ESSENCIA, ALOE VERA PLUS - 1X1000 - 5KG;ESSENCIA FRACIONADA;33029019
02110004;ESSENCIA, ALOE VERA PLUS - 1X200 - 100ML;ESSENCIA FRACIONADA;33029019
02210004;ESSENCIA, ALOE VERA PLUS - 1X200 - 100ML CX20;ESSENCIA FRACIONADA;33029019
02070004;ESSENCIA, ALOE VERA PLUS - 1X200 - 1LT;ESSENCIA FRACIONADA;33029019
02130004;ESSENCIA, ALOE VERA PLUS - 1X200 - 500ML;ESSENCIA FRACIONADA;33029019
02090004;ESSENCIA, ALOE VERA PLUS - 1X200 - 5LT;ESSENCIA FRACIONADA;33029019
020291116;ESSENCIA, AMACITEL - 1X1000 - 1KG;ESSENCIA FRACIONADA;33029019
020291117;ESSENCIA, AMACITEL - 1X1000 - 5KG;ESSENCIA FRACIONADA;33029019
02027845;ESSENCIA, AMACITEL - 1X200 - 100ML;ESSENCIA FRACIONADA;33029019
0202000005;ESSENCIA, AMACITEL - 1X200 - 100ML CX20;ESSENCIA FRACIONADA;33029019
02024276;ESSENCIA, AMACITEL - 1X200 - 1LT;ESSENCIA FRACIONADA;33029019
02029152;ESSENCIA, AMACITEL - 1X200 - 500ML;ESSENCIA FRACIONADA;33029019
020291131;ESSENCIA, AMACITEL - 1X200 - 5LT;ESSENCIA FRACIONADA;33029019
020291118;ESSENCIA, AMARIGGE - 1X1000 - 1KG;ESSENCIA FRACIONADA;33029019
020291119;ESSENCIA, AMARIGGE - 1X1000 - 5KG;ESSENCIA FRACIONADA;33029019
02027693;ESSENCIA, AMARIGGE - 1X200 HS - 100ML;ESSENCIA FRACIONADA;33029019
0202000006;ESSENCIA, AMARIGGE - 1X200 HS - 100ML CX20;ESSENCIA FRACIONADA;33029019
02028761;ESSENCIA, AMARIGGE - 1X200 HS - 1LT;ESSENCIA FRACIONADA;33029019
02025459;ESSENCIA, AMARIGGE - 1X200 HS - 500ML;ESSENCIA FRACIONADA;33029019
0202000115;ESSENCIA, AMENDOAS DOCE - 1X1000 - 1KG;ESSENCIA FRACIONADA;33029019
0202000139;ESSENCIA, AMENDOAS DOCE - 1X1000 - 5KG;ESSENCIA FRACIONADA;33029019
0202000166;ESSENCIA, AMENDOAS DOCE - 1X200 HS - 100ML;ESSENCIA FRACIONADA;33029019
0202000167;ESSENCIA, AMENDOAS DOCE - 1X200 HS - 100ML CX20;ESSENCIA FRACIONADA;33029019
0202000168;ESSENCIA, AMENDOAS DOCE - 1X200 HS - 1LT;ESSENCIA FRACIONADA;33029019
0202000169;ESSENCIA, AMENDOAS DOCE - 1X200 HS - 500ML;ESSENCIA FRACIONADA;33029019
0202000170;ESSENCIA, AMENDOAS DOCE - 1X200 HS - 5LT;ESSENCIA FRACIONADA;33029019
02030005;ESSENCIA, AMORA NEGRA - 1X1000 - 1KG;ESSENCIA FRACIONADA;33029019
02050005;ESSENCIA, AMORA NEGRA - 1X1000 - 5KG;ESSENCIA FRACIONADA;33029019
02110005;ESSENCIA, AMORA NEGRA - 1X200 - 100ML;ESSENCIA FRACIONADA;33029019
02210005;ESSENCIA, AMORA NEGRA - 1X200 - 100ML CX20;ESSENCIA FRACIONADA;33029019
02070005;ESSENCIA, AMORA NEGRA - 1X200 - 1LT;ESSENCIA FRACIONADA;33029019
02130005;ESSENCIA, AMORA NEGRA - 1X200 - 500ML;ESSENCIA FRACIONADA;33029019
02090005;ESSENCIA, AMORA NEGRA - 1X200 - 5LT;ESSENCIA FRACIONADA;33029019
02030008;ESSENCIA, ANIE ANY - 1X1000 - 1KG;ESSENCIA FRACIONADA;33029019
02050008;ESSENCIA, ANIE ANY - 1X1000 - 5KG;ESSENCIA FRACIONADA;33029019
02110008;ESSENCIA, ANIE ANY - 1X200 - 100ML;ESSENCIA FRACIONADA;33029019
02210008;ESSENCIA, ANIE ANY - 1X200 - 100ML CX20;ESSENCIA FRACIONADA;33029019
02070008;ESSENCIA, ANIE ANY - 1X200 - 1LT;ESSENCIA FRACIONADA;33029019
02130008;ESSENCIA, ANIE ANY - 1X200 - 500ML;ESSENCIA FRACIONADA;33029019
02090008;ESSENCIA, ANIE ANY - 1X200 - 5LT;ESSENCIA FRACIONADA;33029019
02030006;ESSENCIA, ANIMALLY - 1X1000 - 1KG;ESSENCIA FRACIONADA;33029019
02050006;ESSENCIA, ANIMALLY - 1X1000 - 5KG;ESSENCIA FRACIONADA;33029019
02110006;ESSENCIA, ANIMALLY - 1X200 - 100ML;ESSENCIA FRACIONADA;33029019
02210006;ESSENCIA, ANIMALLY - 1X200 - 100ML CX20;ESSENCIA FRACIONADA;33029019
02070006;ESSENCIA, ANIMALLY - 1X200 - 1LT;ESSENCIA FRACIONADA;33029019
02130006;ESSENCIA, ANIMALLY - 1X200 - 500ML;ESSENCIA FRACIONADA;33029019
02090006;ESSENCIA, ANIMALLY - 1X200 - 5LT;ESSENCIA FRACIONADA;33029019
020291120;ESSENCIA, ARIEL - 1X1000 - 1KG;ESSENCIA FRACIONADA;33029019
020291121;ESSENCIA, ARIEL - 1X1000 - 5KG;ESSENCIA FRACIONADA;33029019
02020219;ESSENCIA, ARIEL - 1X200 - 100ML;ESSENCIA FRACIONADA;33029019
0202000007;ESSENCIA, ARIEL - 1X200 - 100ML CX20;ESSENCIA FRACIONADA;33029019
02024351;ESSENCIA, ARIEL - 1X200 - 1LT;ESSENCIA FRACIONADA;33029019
02024909;ESSENCIA, ARIEL - 1X200 - 500ML;ESSENCIA FRACIONADA;33029019
020291134;ESSENCIA, ARIEL - 1X200 - 5LT;ESSENCIA FRACIONADA;33029019
0202000283;ESSENCIA, ARIEL PREMIUM - 1X1000 - 1KG;ESSENCIA FRACIONADA;33029019
0202000286;ESSENCIA, ARIEL PREMIUM - 1X1000 - 5KG;ESSENCIA FRACIONADA;33029019
0202000289;ESSENCIA, ARIEL PREMIUM - 1X200 - 100ML;ESSENCIA FRACIONADA;33029019
0202000292;ESSENCIA, ARIEL PREMIUM - 1X200 - 100ML CX20;ESSENCIA FRACIONADA;33029019
0202000295;ESSENCIA, ARIEL PREMIUM - 1X200 - 1LT;ESSENCIA FRACIONADA;33029019
0202000298;ESSENCIA, ARIEL PREMIUM - 1X200 - 500ML;ESSENCIA FRACIONADA;33029019
0202000301;ESSENCIA, ARIEL PREMIUM - 1X200 - 5LT;ESSENCIA FRACIONADA;33029019
0202000449;ESSENCIA, ARIEL PREMIUM MAX - 1LT;ESSENCIA FRACIONADA;33029019
020200071;ESSENCIA, BABALU - 1X1000 - 1KG;ESSENCIA FRACIONADA;33029019
020200107;ESSENCIA, BABALU - 1X1000 - 5KG;ESSENCIA FRACIONADA;33029019
020200000;ESSENCIA, BABALU - 1X200 HS - 100ML;ESSENCIA FRACIONADA;33029019
0202000008;ESSENCIA, BABALU - 1X200 HS - 100ML CX20;ESSENCIA FRACIONADA;33029019
0202001005;ESSENCIA, BABALU - 1X200 HS - 1LT;ESSENCIA FRACIONADA;33029019
020200004;ESSENCIA, BABALU - 1X200 HS - 500ML;ESSENCIA FRACIONADA;33029019
0202001006;ESSENCIA, BABALU - 1X200 HS - 5LT;ESSENCIA FRACIONADA;33029019
020200110;ESSENCIA, BAMBU - 1X1000 - 1KG;ESSENCIA FRACIONADA;33029019
020200112;ESSENCIA, BAMBU - 1X1000 - 5KG;ESSENCIA FRACIONADA;33029019
020200002;ESSENCIA, BAMBU - 1X200 HS - 100ML;ESSENCIA FRACIONADA;33029019
0202000010;ESSENCIA, BAMBU - 1X200 HS - 100ML CX20;ESSENCIA FRACIONADA;33029019
020200109;ESSENCIA, BAMBU - 1X200 HS - 1LT;ESSENCIA FRACIONADA;33029019
020200108;ESSENCIA, BAMBU - 1X200 HS - 500ML;ESSENCIA FRACIONADA;33029019
020200111;ESSENCIA, BAMBU - 1X200 HS - 5LT;ESSENCIA FRACIONADA;33029019
0202000303;ESSENCIA, BAMBU PREMIUM - 1X1000 - 1KG;ESSENCIA FRACIONADA;33029019
0202000285;ESSENCIA, BAMBU PREMIUM - 1X1000 - 5KG;ESSENCIA FRACIONADA;33029019
0202000288;ESSENCIA, BAMBU PREMIUM - 1X200 - 100ML;ESSENCIA FRACIONADA;33029019
0202000291;ESSENCIA, BAMBU PREMIUM - 1X200 - 100ML CX20;ESSENCIA FRACIONADA;33029019
0202000294;ESSENCIA, BAMBU PREMIUM - 1X200 - 1LT;ESSENCIA FRACIONADA;33029019
0202000297;ESSENCIA, BAMBU PREMIUM - 1X200 - 500ML;ESSENCIA FRACIONADA;33029019
0202000300;ESSENCIA, BAMBU PREMIUM - 1X200 - 5LT;ESSENCIA FRACIONADA;33029019
0202000116;ESSENCIA, BAUNILHA - 1X1000 - 1KG;ESSENCIA FRACIONADA;33029019
0202000140;ESSENCIA, BAUNILHA - 1X1000 - 5KG;ESSENCIA FRACIONADA;33029019
0202000171;ESSENCIA, BAUNILHA - 1X200 HS - 100ML;ESSENCIA FRACIONADA;33029019
0202000172;ESSENCIA, BAUNILHA - 1X200 HS - 100ML CX20;ESSENCIA FRACIONADA;33029019
0202000173;ESSENCIA, BAUNILHA - 1X200 HS - 1LT;ESSENCIA FRACIONADA;33029019
0202000174;ESSENCIA, BAUNILHA - 1X200 HS - 500ML;ESSENCIA FRACIONADA;33029019
0202000175;ESSENCIA, BAUNILHA - 1X200 HS - 5LT;ESSENCIA FRACIONADA;33029019
020291122;ESSENCIA, BIOGRAFHIA - 1X1000 - 1KG;ESSENCIA FRACIONADA;33029019
020291123;ESSENCIA, BIOGRAFHIA - 1X1000 - 5KG;ESSENCIA FRACIONADA;33029019
02029549;ESSENCIA, BIOGRAFHIA - 1X200 HS - 100ML;ESSENCIA FRACIONADA;33029019
0202000011;ESSENCIA, BIOGRAFHIA - 1X200 HS - 100ML CX20;ESSENCIA FRACIONADA;33029019
02028918;ESSENCIA, BIOGRAFHIA - 1X200 HS - 1LT;ESSENCIA FRACIONADA;33029019
02027012;ESSENCIA, BIOGRAFHIA - 1X200 HS - 500ML;ESSENCIA FRACIONADA;33029019
020291136;ESSENCIA, BIOGRAFHIA - 1X200 HS - 5LT;ESSENCIA FRACIONADA;33029019
020200116;ESSENCIA, BIOGRAFHIA PLUS - 1X1000 - 1KG;ESSENCIA FRACIONADA;33029019
020200113;ESSENCIA, BIOGRAFHIA PLUS - 1X1000 - 5KG;ESSENCIA FRACIONADA;33029019
020200003;ESSENCIA, BIOGRAFHIA PLUS - 1X200 HS - 100ML;ESSENCIA FRACIONADA;33029019
0202000012;ESSENCIA, BIOGRAFHIA PLUS - 1X200 HS - 100ML CX20;ESSENCIA FRACIONADA;33029019
020200115;ESSENCIA, BIOGRAFHIA PLUS - 1X200 HS - 1LT;ESSENCIA FRACIONADA;33029019
020200005;ESSENCIA, BIOGRAFHIA PLUS - 1X200 HS - 500ML;ESSENCIA FRACIONADA;33029019
020200114;ESSENCIA, BIOGRAFHIA PLUS - 1X200 HS - 5LT;ESSENCIA FRACIONADA;33029019
02030043;ESSENCIA, BLUE BERRY - 1X1000 - 1KG;ESSENCIA FRACIONADA;33029019
02050043;ESSENCIA, BLUE BERRY - 1X1000 - 5KG;ESSENCIA FRACIONADA;33029019
02110043;ESSENCIA, BLUE BERRY - 1X200 - 100ML;ESSENCIA FRACIONADA;33029019
02210043;ESSENCIA, BLUE BERRY - 1X200 - 100ML CX20;ESSENCIA FRACIONADA;33029019
02070043;ESSENCIA, BLUE BERRY - 1X200 - 1LT;ESSENCIA FRACIONADA;33029019
02130043;ESSENCIA, BLUE BERRY - 1X200 - 500ML;ESSENCIA FRACIONADA;33029019
02090043;ESSENCIA, BLUE BERRY - 1X200 - 5LT;ESSENCIA FRACIONADA;33029019
020291206;ESSENCIA, BLUE DESIN - 1X1000 - 1KG;ESSENCIA FRACIONADA;33029019
020291207;ESSENCIA, BLUE DESIN - 1X1000 - 5KG;ESSENCIA FRACIONADA;33029019
02028216;ESSENCIA, BLUE DESIN - 1X200 HS - 100ML;ESSENCIA FRACIONADA;33029019
0202000058;ESSENCIA, BLUE DESIN - 1X200 HS - 100ML CX20;ESSENCIA FRACIONADA;33029019
02026507;ESSENCIA, BLUE DESIN - 1X200 HS - 1LT;ESSENCIA FRACIONADA;33029019
02022181;ESSENCIA, BLUE DESIN - 1X200 HS - 500ML;ESSENCIA FRACIONADA;33029019
020291205;ESSENCIA, BLUE DESIN - 1X200 HS - 5LT;ESSENCIA FRACIONADA;33029019
0202000423;ESSENCIA, BOBO - 1X1000 - 1KG;ESSENCIA FRACIONADA;33029019
0202000425;ESSENCIA, BOBO - 1X1000 - 5KG;ESSENCIA FRACIONADA;33029019
0202000427;ESSENCIA, BOBO - 1X200 HS - 100ML;ESSENCIA FRACIONADA;33029019
0202000429;ESSENCIA, BOBO - 1X200 HS - 100ML CX20;ESSENCIA FRACIONADA;33029019
0202000431;ESSENCIA, BOBO - 1X200 HS - 1LT;ESSENCIA FRACIONADA;33029019
0202000433;ESSENCIA, BOBO - 1X200 HS - 500ML;ESSENCIA FRACIONADA;33029019
0202000435;ESSENCIA, BOBO - 1X200 HS - 5LT;ESSENCIA FRACIONADA;33029019
020291124;ESSENCIA, BRILHANTE - 1X1000 - 1KG;ESSENCIA FRACIONADA;33029019
020291125;ESSENCIA, BRILHANTE - 1X1000 - 5KG;ESSENCIA FRACIONADA;33029019
02024610;ESSENCIA, BRILHANTE - 1X200 - 100ML;ESSENCIA FRACIONADA;33029019
0202000013;ESSENCIA, BRILHANTE - 1X200 - 100ML CX20;ESSENCIA FRACIONADA;33029019
02022268;ESSENCIA, BRILHANTE - 1X200 - 1LT;ESSENCIA FRACIONADA;33029019
02026671;ESSENCIA, BRILHANTE - 1X200 - 500ML;ESSENCIA FRACIONADA;33029019
020291137;ESSENCIA, BRILHANTE - 1X200 - 5LT;ESSENCIA FRACIONADA;33029019
020291126;ESSENCIA, BRISA MARINHA - 1X1000 - 1KG;ESSENCIA FRACIONADA;33029019
020291127;ESSENCIA, BRISA MARINHA - 1X1000 - 5KG;ESSENCIA FRACIONADA;33029019
02024523;ESSENCIA, BRISA MARINHA - 1X200 HS - 100ML;ESSENCIA FRACIONADA;33029019
0202000112;ESSENCIA, BRISA MARINHA - 1X200 HS - 100ML CX20;ESSENCIA FRACIONADA;33029019
02027991;ESSENCIA, BRISA MARINHA - 1X200 HS - 1LT;ESSENCIA FRACIONADA;33029019
02022050;ESSENCIA, BRISA MARINHA - 1X200 HS - 500ML;ESSENCIA FRACIONADA;33029019
020291139;ESSENCIA, BRISA MARINHA - 1X200 HS - 5LT;ESSENCIA FRACIONADA;33029019
0202000394;ESSENCIA, BRISA MARINHA MAX - 1LT;ESSENCIA FRACIONADA;33029019
0202000305;ESSENCIA, CALENDULA - 1X1000 - 10ML;ESSENCIA FRACIONADA;33029019
0202000311;ESSENCIA, CALENDULA - 1X1000 - 1KG;ESSENCIA FRACIONADA;33029019
0202000317;ESSENCIA, CALENDULA - 1X1000 - 5KG;ESSENCIA FRACIONADA;33029019
0202000323;ESSENCIA, CALENDULA - 1X200 - 100ML;ESSENCIA FRACIONADA;33029019
0202000329;ESSENCIA, CALENDULA - 1X200 - 100ML CX20;ESSENCIA FRACIONADA;33029019
0202000335;ESSENCIA, CALENDULA - 1X200 - 1LT;ESSENCIA FRACIONADA;33029019
0202000341;ESSENCIA, CALENDULA - 1X200 - 500ML;ESSENCIA FRACIONADA;33029019
0202000347;ESSENCIA, CALENDULA - 1X200 - 5LT;ESSENCIA FRACIONADA;33029019
020291141;ESSENCIA, CAMPESTRE - 1X1000 - 1KG;ESSENCIA FRACIONADA;33029019
020291142;ESSENCIA, CAMPESTRE - 1X1000 - 5KG;ESSENCIA FRACIONADA;33029019
02021278;ESSENCIA, CAMPESTRE - 1X200 HS - 100ML;ESSENCIA FRACIONADA;33029019
0202000014;ESSENCIA, CAMPESTRE - 1X200 HS - 100ML CX20;ESSENCIA FRACIONADA;33029019
02026790;ESSENCIA, CAMPESTRE - 1X200 HS - 1LT;ESSENCIA FRACIONADA;33029019
02020122;ESSENCIA, CAMPESTRE - 1X200 HS - 500ML;ESSENCIA FRACIONADA;33029019
020291140;ESSENCIA, CAMPESTRE - 1X200 HS - 5LT;ESSENCIA FRACIONADA;33029019
0202000438;ESSENCIA, CAMPESTRE MAX - 1LT;ESSENCIA FRACIONADA;33029019
020200119;ESSENCIA, CANELA - 1X1000 - 1KG;ESSENCIA FRACIONADA;33029019
020200120;ESSENCIA, CANELA - 1X1000 - 5KG;ESSENCIA FRACIONADA;33029019
020200006;ESSENCIA, CANELA - 1X200 HS - 100ML;ESSENCIA FRACIONADA;33029019
0202000015;ESSENCIA, CANELA - 1X200 HS - 100ML CX20;ESSENCIA FRACIONADA;33029019
020200117;ESSENCIA, CANELA - 1X200 HS - 1LT;ESSENCIA FRACIONADA;33029019
020200007;ESSENCIA, CANELA - 1X200 HS - 500ML;ESSENCIA FRACIONADA;33029019
020200118;ESSENCIA, CANELA - 1X200 HS - 5LT;ESSENCIA FRACIONADA;33029019
05000593;ESSENCIA, CAPIM LIMAO - 1X1000 - 1KG;ESSENCIA FRACIONADA;33029019
020200124;ESSENCIA, CAPIM LIMAO - 1X1000 - 5KG;ESSENCIA FRACIONADA;33029019
020200008;ESSENCIA, CAPIM LIMAO - 1X200 HS - 100ML;ESSENCIA FRACIONADA;33029019
0202000016;ESSENCIA, CAPIM LIMAO - 1X200 HS - 100ML CX20;ESSENCIA FRACIONADA;33029019
020200123;ESSENCIA, CAPIM LIMAO - 1X200 HS - 1LT;ESSENCIA FRACIONADA;33029019
020200121;ESSENCIA, CAPIM LIMAO - 1X200 HS - 500ML;ESSENCIA FRACIONADA;33029019
020200122;ESSENCIA, CAPIM LIMAO - 1X200 HS - 5LT;ESSENCIA FRACIONADA;33029019
020200209;ESSENCIA, CARAVELAS ORIGINAL - 1X1000 - 1KG;ESSENCIA FRACIONADA;33029019
020200210;ESSENCIA, CARAVELAS ORIGINAL - 1X1000 - 5KG;ESSENCIA FRACIONADA;33029019
020200208;ESSENCIA, CARAVELAS ORIGINAL - 1X200 HS - 100ML;ESSENCIA FRACIONADA;33029019
0202000017;ESSENCIA, CARAVELAS ORIGINAL - 1X200 HS - 100ML CX20;ESSENCIA FRACIONADA;33029019
020200206;ESSENCIA, CARAVELAS ORIGINAL - 1X200 HS - 1LT;ESSENCIA FRACIONADA;33029019
020200205;ESSENCIA, CARAVELAS ORIGINAL - 1X200 HS - 500ML;ESSENCIA FRACIONADA;33029019
020200207;ESSENCIA, CARAVELAS ORIGINAL - 1X200 HS - 5LT;ESSENCIA FRACIONADA;33029019
0202000395;ESSENCIA, CARAVELAS ORIGINAL MAX - 1LT;ESSENCIA FRACIONADA;33029019
02030010;ESSENCIA, CARMY STEFES - 1X1000 - 1KG;ESSENCIA FRACIONADA;33029019
02050010;ESSENCIA, CARMY STEFES - 1X1000 - 5KG;ESSENCIA FRACIONADA;33029019
02110010;ESSENCIA, CARMY STEFES - 1X200 - 100ML;ESSENCIA FRACIONADA;33029019
02210010;ESSENCIA, CARMY STEFES - 1X200 - 100ML CX20;ESSENCIA FRACIONADA;33029019
02070010;ESSENCIA, CARMY STEFES - 1X200 - 1LT;ESSENCIA FRACIONADA;33029019
02130010;ESSENCIA, CARMY STEFES - 1X200 - 500ML;ESSENCIA FRACIONADA;33029019
02090010;ESSENCIA, CARMY STEFES - 1X200 - 5LT;ESSENCIA FRACIONADA;33029019
020291144;ESSENCIA, CARRO NOVO - 1X1000 - 1KG;ESSENCIA FRACIONADA;33029019
020291145;ESSENCIA, CARRO NOVO - 1X1000 - 5KG;ESSENCIA FRACIONADA;33029019
02021337;ESSENCIA, CARRO NOVO - 1X200 HS - 100ML;ESSENCIA FRACIONADA;33029019
0202000018;ESSENCIA, CARRO NOVO - 1X200 HS - 100ML CX20;ESSENCIA FRACIONADA;33029019
02023084;ESSENCIA, CARRO NOVO - 1X200 HS - 1LT;ESSENCIA FRACIONADA;33029019
02027141;ESSENCIA, CARRO NOVO - 1X200 HS - 500ML;ESSENCIA FRACIONADA;33029019
020291143;ESSENCIA, CARRO NOVO - 1X200 HS - 5LT;ESSENCIA FRACIONADA;33029019
020291147;ESSENCIA, CARRO ZERO - 1X1000 - 1KG;ESSENCIA FRACIONADA;33029019
020291148;ESSENCIA, CARRO ZERO - 1X1000 - 5KG;ESSENCIA FRACIONADA;33029019
02026648;ESSENCIA, CARRO ZERO - 1X200 - 100ML;ESSENCIA FRACIONADA;33029019
0202000019;ESSENCIA, CARRO ZERO - 1X200 - 100ML CX20;ESSENCIA FRACIONADA;33029019
02027397;ESSENCIA, CARRO ZERO - 1X200 - 1LT;ESSENCIA FRACIONADA;33029019
02028172;ESSENCIA, CARRO ZERO - 1X200 - 500ML;ESSENCIA FRACIONADA;33029019
020291146;ESSENCIA, CARRO ZERO - 1X200 - 5LT;ESSENCIA FRACIONADA;33029019
02030009;ESSENCIA, CASA E COR - 1X1000 - 1KG;ESSENCIA FRACIONADA;33029019
02050009;ESSENCIA, CASA E COR - 1X1000 - 5KG;ESSENCIA FRACIONADA;33029019
02110009;ESSENCIA, CASA E COR - 1X200 - 100ML;ESSENCIA FRACIONADA;33029019
02210009;ESSENCIA, CASA E COR - 1X200 - 100ML CX20;ESSENCIA FRACIONADA;33029019
02070009;ESSENCIA, CASA E COR - 1X200 - 1LT;ESSENCIA FRACIONADA;33029019
02130009;ESSENCIA, CASA E COR - 1X200 - 500ML;ESSENCIA FRACIONADA;33029019
02090009;ESSENCIA, CASA E COR - 1X200 - 5LT;ESSENCIA FRACIONADA;33029019
05000591;ESSENCIA, CASA LIMPA - 1X1000 - 1KG;ESSENCIA FRACIONADA;33029019
05000590;ESSENCIA, CASA LIMPA - 1X1000 - 5KG;ESSENCIA FRACIONADA;33029019
020200009;ESSENCIA, CASA LIMPA - 1X200 HS - 100ML;ESSENCIA FRACIONADA;33029019
0202000020;ESSENCIA, CASA LIMPA - 1X200 HS - 100ML CX20;ESSENCIA FRACIONADA;33029019
020200125;ESSENCIA, CASA LIMPA - 1X200 HS - 1LT;ESSENCIA FRACIONADA;33029019
020200010;ESSENCIA, CASA LIMPA - 1X200 HS - 500ML;ESSENCIA FRACIONADA;33029019
020200126;ESSENCIA, CASA LIMPA - 1X200 HS - 5LT;ESSENCIA FRACIONADA;33029019
0202000440;ESSENCIA, CASA LIMPA MAX - 1LT;ESSENCIA FRACIONADA;33029019
02030011;ESSENCIA, CASCA E FOLHAS - 1X1000 - 1KG;ESSENCIA FRACIONADA;33029019
02050011;ESSENCIA, CASCA E FOLHAS - 1X1000 - 5KG;ESSENCIA FRACIONADA;33029019
02110011;ESSENCIA, CASCA E FOLHAS - 1X200 - 100ML;ESSENCIA FRACIONADA;33029019
02210011;ESSENCIA, CASCA E FOLHAS - 1X200 - 100ML CX20;ESSENCIA FRACIONADA;33029019
02070011;ESSENCIA, CASCA E FOLHAS - 1X200 - 1LT;ESSENCIA FRACIONADA;33029019
02130011;ESSENCIA, CASCA E FOLHAS - 1X200 - 500ML;ESSENCIA FRACIONADA;33029019
02090011;ESSENCIA, CASCA E FOLHAS - 1X200 - 5LT;ESSENCIA FRACIONADA;33029019
0202000306;ESSENCIA, CASTANHA - 1X1000 - 10ML;ESSENCIA FRACIONADA;33029019
0202000312;ESSENCIA, CASTANHA - 1X1000 - 1KG;ESSENCIA FRACIONADA;33029019
0202000318;ESSENCIA, CASTANHA - 1X1000 - 5KG;ESSENCIA FRACIONADA;33029019
0202000324;ESSENCIA, CASTANHA - 1X200 - 100ML;ESSENCIA FRACIONADA;33029019
0202000330;ESSENCIA, CASTANHA - 1X200 - 100ML CX20;ESSENCIA FRACIONADA;33029019
0202000336;ESSENCIA, CASTANHA - 1X200 - 1LT;ESSENCIA FRACIONADA;33029019
0202000342;ESSENCIA, CASTANHA - 1X200 - 500ML;ESSENCIA FRACIONADA;33029019
0202000348;ESSENCIA, CASTANHA - 1X200 - 5LT;ESSENCIA FRACIONADA;33029019
02030012;ESSENCIA, CEDRO E CIPRESTE - 1X1000 - 1KG;ESSENCIA FRACIONADA;33029019
02050012;ESSENCIA, CEDRO E CIPRESTE - 1X1000 - 5KG;ESSENCIA FRACIONADA;33029019
02110012;ESSENCIA, CEDRO E CIPRESTE - 1X200 - 100ML;ESSENCIA FRACIONADA;33029019
02210013;ESSENCIA, CEDRO E CIPRESTE - 1X200 - 100ML CX20;ESSENCIA FRACIONADA;33029019
02070013;ESSENCIA, CEDRO E CIPRESTE - 1X200 - 1LT;ESSENCIA FRACIONADA;33029019
02130013;ESSENCIA, CEDRO E CIPRESTE - 1X200 - 500ML;ESSENCIA FRACIONADA;33029019
02090013;ESSENCIA, CEDRO E CIPRESTE - 1X200 - 5LT;ESSENCIA FRACIONADA;33029019
0202000409;ESSENCIA, CEDRO E CIPRESTE MAX - 1LT;ESSENCIA FRACIONADA;33029019
0202000117;ESSENCIA, CEREJA COM AVELA - 1X1000 - 1KG;ESSENCIA FRACIONADA;33029019
0202000141;ESSENCIA, CEREJA COM AVELA - 1X1000 - 5KG;ESSENCIA FRACIONADA;33029019
0202000176;ESSENCIA, CEREJA COM AVELA - 1X200 HS - 100ML;ESSENCIA FRACIONADA;33029019
0202000177;ESSENCIA, CEREJA COM AVELA - 1X200 HS - 100ML CX20;ESSENCIA FRACIONADA;33029019
0202000178;ESSENCIA, CEREJA COM AVELA - 1X200 HS - 1LT;ESSENCIA FRACIONADA;33029019
0202000179;ESSENCIA, CEREJA COM AVELA - 1X200 HS - 500ML;ESSENCIA FRACIONADA;33029019
0202000180;ESSENCIA, CEREJA COM AVELA - 1X200 HS - 5LT;ESSENCIA FRACIONADA;33029019
02030014;ESSENCIA, CEREJA COM AVELA PLUS - 1X1000 - 1KG;ESSENCIA FRACIONADA;33029019
02050014;ESSENCIA, CEREJA COM AVELA PLUS - 1X1000 - 5KG;ESSENCIA FRACIONADA;33029019
02110014;ESSENCIA, CEREJA COM AVELA PLUS - 1X200 - 100ML;ESSENCIA FRACIONADA;33029019
02210014;ESSENCIA, CEREJA COM AVELA PLUS - 1X200 - 100ML CX20;ESSENCIA FRACIONADA;33029019
02070014;ESSENCIA, CEREJA COM AVELA PLUS - 1X200 - 1LT;ESSENCIA FRACIONADA;33029019
02130014;ESSENCIA, CEREJA COM AVELA PLUS - 1X200 - 500ML;ESSENCIA FRACIONADA;33029019
02090014;ESSENCIA, CEREJA COM AVELA PLUS - 1X200 - 5LT;ESSENCIA FRACIONADA;33029019
02030015;ESSENCIA, CHA BRANCO - 1X1000 - 1KG;ESSENCIA FRACIONADA;33029019
02050015;ESSENCIA, CHA BRANCO - 1X1000 - 5KG;ESSENCIA FRACIONADA;33029019
02110015;ESSENCIA, CHA BRANCO - 1X200 - 100ML;ESSENCIA FRACIONADA;33029019
02210015;ESSENCIA, CHA BRANCO - 1X200 - 100ML CX20;ESSENCIA FRACIONADA;33029019
02070015;ESSENCIA, CHA BRANCO - 1X200 - 1LT;ESSENCIA FRACIONADA;33029019
02130015;ESSENCIA, CHA BRANCO - 1X200 - 500ML;ESSENCIA FRACIONADA;33029019
02090015;ESSENCIA, CHA BRANCO - 1X200 - 5LT;ESSENCIA FRACIONADA;33029019
02030047;ESSENCIA, CHA BRANCO PLUS - 1X1000 - 1KG;ESSENCIA FRACIONADA;33029019
02050047;ESSENCIA, CHA BRANCO PLUS - 1X1000 - 5KG;ESSENCIA FRACIONADA;33029019
02110047;ESSENCIA, CHA BRANCO PLUS - 1X200 - 100ML;ESSENCIA FRACIONADA;33029019
02210047;ESSENCIA, CHA BRANCO PLUS - 1X200 - 100ML CX20;ESSENCIA FRACIONADA;33029019
02070047;ESSENCIA, CHA BRANCO PLUS - 1X200 - 1LT;ESSENCIA FRACIONADA;33029019
02130047;ESSENCIA, CHA BRANCO PLUS - 1X200 - 500ML;ESSENCIA FRACIONADA;33029019
02090047;ESSENCIA, CHA BRANCO PLUS - 1X200 - 5LT;ESSENCIA FRACIONADA;33029019
020291274;ESSENCIA, CHAMEGO - 1X1000 - 1KG;ESSENCIA FRACIONADA;33029019
020291275;ESSENCIA, CHAMEGO - 1X1000 - 5KG;ESSENCIA FRACIONADA;33029019
02026153;ESSENCIA, CHAMEGO - 1X200 HS - 100ML;ESSENCIA FRACIONADA;33029019
0202000096;ESSENCIA, CHAMEGO - 1X200 HS - 100ML CX20;ESSENCIA FRACIONADA;33029019
02025136;ESSENCIA, CHAMEGO - 1X200 HS - 1LT;ESSENCIA FRACIONADA;33029019
02021768;ESSENCIA, CHAMEGO - 1X200 HS - 500ML;ESSENCIA FRACIONADA;33029019
020291272;ESSENCIA, CHAMEGO - 1X200 HS - 5LT;ESSENCIA FRACIONADA;33029019
0202000118;ESSENCIA, CHEIRINHO DE BABY - 1X1000 - 1KG;ESSENCIA FRACIONADA;33029019
0202000142;ESSENCIA, CHEIRINHO DE BABY - 1X1000 - 5KG;ESSENCIA FRACIONADA;33029019
0202000181;ESSENCIA, CHEIRINHO DE BABY - 1X200 - 100ML;ESSENCIA FRACIONADA;33029019
0202000182;ESSENCIA, CHEIRINHO DE BABY - 1X200 - 100ML CX20;ESSENCIA FRACIONADA;33029019
0202000183;ESSENCIA, CHEIRINHO DE BABY - 1X200 - 1LT;ESSENCIA FRACIONADA;33029019
0202000184;ESSENCIA, CHEIRINHO DE BABY - 1X200 - 500ML;ESSENCIA FRACIONADA;33029019
0202000185;ESSENCIA, CHEIRINHO DE BABY - 1X200 - 5LT;ESSENCIA FRACIONADA;33029019
0202000119;ESSENCIA, CHOCOLATE BRANCO - 1X1000 - 1KG;ESSENCIA FRACIONADA;33029019
0202000143;ESSENCIA, CHOCOLATE BRANCO - 1X1000 - 5KG;ESSENCIA FRACIONADA;33029019
0202000186;ESSENCIA, CHOCOLATE BRANCO - 1X200 HS - 100ML;ESSENCIA FRACIONADA;33029019
0202000187;ESSENCIA, CHOCOLATE BRANCO - 1X200 HS - 100ML CX20;ESSENCIA FRACIONADA;33029019
0202000188;ESSENCIA, CHOCOLATE BRANCO - 1X200 HS - 1LT;ESSENCIA FRACIONADA;33029019
0202000189;ESSENCIA, CHOCOLATE BRANCO - 1X200 HS - 500ML;ESSENCIA FRACIONADA;33029019
0202000190;ESSENCIA, CHOCOLATE BRANCO - 1X200 HS - 5LT;ESSENCIA FRACIONADA;33029019
0202000120;ESSENCIA, CHOCOLATE COM PIMENTA - 1X1000 - 1KG;ESSENCIA FRACIONADA;33029019
0202000144;ESSENCIA, CHOCOLATE COM PIMENTA - 1X1000 - 5KG;ESSENCIA FRACIONADA;33029019
0202000191;ESSENCIA, CHOCOLATE COM PIMENTA - 1X200 HS - 100ML;ESSENCIA FRACIONADA;33029019
0202000192;ESSENCIA, CHOCOLATE COM PIMENTA - 1X200 HS - 100ML CX20;ESSENCIA FRACIONADA;33029019
0202000193;ESSENCIA, CHOCOLATE COM PIMENTA - 1X200 HS - 1LT;ESSENCIA FRACIONADA;33029019
0202000194;ESSENCIA, CHOCOLATE COM PIMENTA - 1X200 HS - 500ML;ESSENCIA FRACIONADA;33029019
0202000195;ESSENCIA, CHOCOLATE COM PIMENTA - 1X200 HS - 5LT;ESSENCIA FRACIONADA;33029019
020200137;ESSENCIA, CITRUS - 1X1000 - 1KG;ESSENCIA FRACIONADA;33029019
020200138;ESSENCIA, CITRUS - 1X1000 - 5KG;ESSENCIA FRACIONADA;33029019
020200133;ESSENCIA, CITRUS - 1X200 HS - 100ML;ESSENCIA FRACIONADA;33029019
0202000021;ESSENCIA, CITRUS - 1X200 HS - 100ML CX20;ESSENCIA FRACIONADA;33029019
020200135;ESSENCIA, CITRUS - 1X200 HS - 1LT;ESSENCIA FRACIONADA;33029019
020200134;ESSENCIA, CITRUS - 1X200 HS - 500ML;ESSENCIA FRACIONADA;33029019
020200136;ESSENCIA, CITRUS - 1X200 HS - 5LT;ESSENCIA FRACIONADA;33029019
020291150;ESSENCIA, COCO - 1X1000 - 1KG;ESSENCIA FRACIONADA;33029019
020291151;ESSENCIA, COCO - 1X1000 - 5KG;ESSENCIA FRACIONADA;33029019
02025087;ESSENCIA, COCO - 1X200 - 100ML;ESSENCIA FRACIONADA;33029019
0202000022;ESSENCIA, COCO - 1X200 - 100ML CX20;ESSENCIA FRACIONADA;33029019
02022066;ESSENCIA, COCO - 1X200 - 1LT;ESSENCIA FRACIONADA;33029019
02020328;ESSENCIA, COCO - 1X200 - 500ML;ESSENCIA FRACIONADA;33029019
020291149;ESSENCIA, COCO - 1X200 - 5LT;ESSENCIA FRACIONADA;33029019
0202000443;ESSENCIA, COCO MAX - 1LT;ESSENCIA FRACIONADA;33029019
02030001;ESSENCIA, COCO PLUS - 1X1000 - 1KG;ESSENCIA FRACIONADA;33029019
02050001;ESSENCIA, COCO PLUS - 1X1000 - 5KG;ESSENCIA FRACIONADA;33029019
02110001;ESSENCIA, COCO PLUS - 1X200 - 100ML;ESSENCIA FRACIONADA;33029019
02210001;ESSENCIA, COCO PLUS - 1X200 - 100ML CX20;ESSENCIA FRACIONADA;33029019
02070001;ESSENCIA, COCO PLUS - 1X200 - 1LT;ESSENCIA FRACIONADA;33029019
02130001;ESSENCIA, COCO PLUS - 1X200 - 500ML;ESSENCIA FRACIONADA;33029019
02090001;ESSENCIA, COCO PLUS - 1X200 - 5LT;ESSENCIA FRACIONADA;33029019
020200199;ESSENCIA, COLUMBIA - 1X1000 - 1KG;ESSENCIA FRACIONADA;33029019
020200200;ESSENCIA, COLUMBIA - 1X1000 - 5KG;ESSENCIA FRACIONADA;33029019
020200201;ESSENCIA, COLUMBIA - 1X200 HS - 100ML;ESSENCIA FRACIONADA;33029019
0202000035;ESSENCIA, COLUMBIA - 1X200 HS - 100ML CX20;ESSENCIA FRACIONADA;33029019
020200203;ESSENCIA, COLUMBIA - 1X200 HS - 1LT;ESSENCIA FRACIONADA;33029019
020200202;ESSENCIA, COLUMBIA - 1X200 HS - 500ML;ESSENCIA FRACIONADA;33029019
020200204;ESSENCIA, COLUMBIA - 1X200 HS - 5LT;ESSENCIA FRACIONADA;33029019
02026863;ESSENCIA, CONFORT ALGODAO - 1X1000 - 1KG;ESSENCIA FRACIONADA;33029019
02026328;ESSENCIA, CONFORT ALGODAO - 1X1000 - 5KG;ESSENCIA FRACIONADA;33029019
02025638;ESSENCIA, CONFORT ALGODAO - 1X200 - 100ML;ESSENCIA FRACIONADA;33029019
0202000024;ESSENCIA, CONFORT ALGODAO - 1X200 - 100ML CX20;ESSENCIA FRACIONADA;33029019
02026329;ESSENCIA, CONFORT ALGODAO - 1X200 - 1LT;ESSENCIA FRACIONADA;33029019
02026635;ESSENCIA, CONFORT ALGODAO - 1X200 - 500ML;ESSENCIA FRACIONADA;33029019
02025321;ESSENCIA, CONFORT ALGODAO - 1X200 - 5LT;ESSENCIA FRACIONADA;33029019
020206006;ESSENCIA, CONFORTE AZUL - 1X1000 - 1KG;ESSENCIA FRACIONADA;33029019
020200139;ESSENCIA, CONFORTE AZUL - 1X1000 - 5KG;ESSENCIA FRACIONADA;33029019
020200079;ESSENCIA, CONFORTE AZUL - 1X200 - 100ML;ESSENCIA FRACIONADA;33029019
0202000025;ESSENCIA, CONFORTE AZUL - 1X200 - 100ML CX20;ESSENCIA FRACIONADA;33029019
020200141;ESSENCIA, CONFORTE AZUL - 1X200 - 1LT;ESSENCIA FRACIONADA;33029019
020200140;ESSENCIA, CONFORTE AZUL - 1X200 - 500ML;ESSENCIA FRACIONADA;33029019
020200142;ESSENCIA, CONFORTE AZUL - 1X200 - 5LT;ESSENCIA FRACIONADA;33029019
020200146;ESSENCIA, CONFORTE ORIGINAL - 1X1000 - 1KG;ESSENCIA FRACIONADA;33029019
020200147;ESSENCIA, CONFORTE ORIGINAL - 1X1000 - 5KG;ESSENCIA FRACIONADA;33029019
020200078;ESSENCIA, CONFORTE ORIGINAL - 1X200 - 100ML;ESSENCIA FRACIONADA;33029019
0202000026;ESSENCIA, CONFORTE ORIGINAL - 1X200 - 100ML CX20;ESSENCIA FRACIONADA;33029019
020200144;ESSENCIA, CONFORTE ORIGINAL - 1X200 - 1LT;ESSENCIA FRACIONADA;33029019
020200143;ESSENCIA, CONFORTE ORIGINAL - 1X200 - 500ML;ESSENCIA FRACIONADA;33029019
020200145;ESSENCIA, CONFORTE ORIGINAL - 1X200 - 5LT;ESSENCIA FRACIONADA;33029019
020291153;ESSENCIA, CONFORTE PLUS - 1X1000 - 1KG;ESSENCIA FRACIONADA;33029019
020291154;ESSENCIA, CONFORTE PLUS - 1X1000 - 5KG;ESSENCIA FRACIONADA;33029019
02029889;ESSENCIA, CONFORTE PLUS - 1X200 - 100ML;ESSENCIA FRACIONADA;33029019
0202000027;ESSENCIA, CONFORTE PLUS - 1X200 - 100ML CX20;ESSENCIA FRACIONADA;33029019
02023662;ESSENCIA, CONFORTE PLUS - 1X200 - 1LT;ESSENCIA FRACIONADA;33029019
02027765;ESSENCIA, CONFORTE PLUS - 1X200 - 500ML;ESSENCIA FRACIONADA;33029019
020291152;ESSENCIA, CONFORTE PLUS - 1X200 - 5LT;ESSENCIA FRACIONADA;33029019
020291156;ESSENCIA, CONFORTEX (2002) - 1X1000 - 1KG;ESSENCIA FRACIONADA;33029019
020291157;ESSENCIA, CONFORTEX (2002) - 1X1000 - 5KG;ESSENCIA FRACIONADA;33029019
02022459;ESSENCIA, CONFORTEX (2002) - 1X200 - 100ML;ESSENCIA FRACIONADA;33029019
0202000028;ESSENCIA, CONFORTEX (2002) - 1X200 - 100ML CX20;ESSENCIA FRACIONADA;33029019
02027475;ESSENCIA, CONFORTEX (2002) - 1X200 - 1LT;ESSENCIA FRACIONADA;33029019
02026389;ESSENCIA, CONFORTEX (2002) - 1X200 - 500ML;ESSENCIA FRACIONADA;33029019
020291155;ESSENCIA, CONFORTEX (2002) - 1X200 - 5LT;ESSENCIA FRACIONADA;33029019
0202000403;ESSENCIA, CONFORTEX (2002) MAX - 1LT;ESSENCIA FRACIONADA;33029019
020291159;ESSENCIA, CRAVO E CANELA - 1X1000 - 1KG;ESSENCIA FRACIONADA;33029019
020291160;ESSENCIA, CRAVO E CANELA - 1X1000 - 5KG;ESSENCIA FRACIONADA;33029019
02026625;ESSENCIA, CRAVO E CANELA - 1X200 HS - 100ML;ESSENCIA FRACIONADA;33029019
0202000029;ESSENCIA, CRAVO E CANELA - 1X200 HS - 100ML CX20;ESSENCIA FRACIONADA;33029019
02024343;ESSENCIA, CRAVO E CANELA - 1X200 HS - 1LT;ESSENCIA FRACIONADA;33029019
02026572;ESSENCIA, CRAVO E CANELA - 1X200 HS - 500ML;ESSENCIA FRACIONADA;33029019
020291158;ESSENCIA, CRAVO E CANELA - 1X200 HS - 5LT;ESSENCIA FRACIONADA;33029019
02030016;ESSENCIA, DAERLING - 1X1000 - 1KG;ESSENCIA FRACIONADA;33029019
02050016;ESSENCIA, DAERLING - 1X1000 - 5KG;ESSENCIA FRACIONADA;33029019
02110016;ESSENCIA, DAERLING - 1X200 - 100ML;ESSENCIA FRACIONADA;33029019
02210016;ESSENCIA, DAERLING - 1X200 - 100ML CX20;ESSENCIA FRACIONADA;33029019
02070016;ESSENCIA, DAERLING - 1X200 - 1LT;ESSENCIA FRACIONADA;33029019
02130016;ESSENCIA, DAERLING - 1X200 - 500ML;ESSENCIA FRACIONADA;33029019
02090016;ESSENCIA, DAERLING - 1X200 - 5LT;ESSENCIA FRACIONADA;33029019
020291162;ESSENCIA, DALIA - 1X1000 - 1KG;ESSENCIA FRACIONADA;33029019
020291163;ESSENCIA, DALIA - 1X1000 - 5KG;ESSENCIA FRACIONADA;33029019
02026391;ESSENCIA, DALIA - 1X200 HS - 100ML;ESSENCIA FRACIONADA;33029019
0202000030;ESSENCIA, DALIA - 1X200 HS - 100ML CX20;ESSENCIA FRACIONADA;33029019
02025330;ESSENCIA, DALIA - 1X200 HS - 1LT;ESSENCIA FRACIONADA;33029019
02025336;ESSENCIA, DALIA - 1X200 HS - 500ML;ESSENCIA FRACIONADA;33029019
020291161;ESSENCIA, DALIA - 1X200 HS - 5LT;ESSENCIA FRACIONADA;33029019
020291165;ESSENCIA, DAMA DA NOITE - 1X1000 - 1KG;ESSENCIA FRACIONADA;33029019
020291166;ESSENCIA, DAMA DA NOITE - 1X1000 - 5KG;ESSENCIA FRACIONADA;33029019
02027492;ESSENCIA, DAMA DA NOITE - 1X200 HS - 100ML;ESSENCIA FRACIONADA;33029019
0202000031;ESSENCIA, DAMA DA NOITE - 1X200 HS - 100ML CX20;ESSENCIA FRACIONADA;33029019
02028593;ESSENCIA, DAMA DA NOITE - 1X200 HS - 1LT;ESSENCIA FRACIONADA;33029019
02026290;ESSENCIA, DAMA DA NOITE - 1X200 HS - 500ML;ESSENCIA FRACIONADA;33029019
020291164;ESSENCIA, DAMA DA NOITE - 1X200 HS - 5LT;ESSENCIA FRACIONADA;33029019
0202000408;ESSENCIA, DAMA DA NOITE MAX - 1LT;ESSENCIA FRACIONADA;33029019
020200151;ESSENCIA, DAMA DA NOITE PLUS - 1X1000 - 1KG;ESSENCIA FRACIONADA;33029019
020200152;ESSENCIA, DAMA DA NOITE PLUS - 1X1000 - 5KG;ESSENCIA FRACIONADA;33029019
020200011;ESSENCIA, DAMA DA NOITE PLUS - 1X200 HS - 100ML;ESSENCIA FRACIONADA;33029019
0202000032;ESSENCIA, DAMA DA NOITE PLUS - 1X200 HS - 100ML CX20;ESSENCIA FRACIONADA;33029019
020200149;ESSENCIA, DAMA DA NOITE PLUS - 1X200 HS - 1LT;ESSENCIA FRACIONADA;33029019
020200148;ESSENCIA, DAMA DA NOITE PLUS - 1X200 HS - 500ML;ESSENCIA FRACIONADA;33029019
020200150;ESSENCIA, DAMA DA NOITE PLUS - 1X200 HS - 5LT;ESSENCIA FRACIONADA;33029019
020206003;ESSENCIA, DASLU - 1X1000 - 1KG;ESSENCIA FRACIONADA;33029019
020200053;ESSENCIA, DASLU - 1X1000 - 5KG;ESSENCIA FRACIONADA;33029019
020200040;ESSENCIA, DASLU - 1X200 HS - 100ML;ESSENCIA FRACIONADA;33029019
0202000033;ESSENCIA, DASLU - 1X200 HS - 100ML CX20;ESSENCIA FRACIONADA;33029019
020200051;ESSENCIA, DASLU - 1X200 HS - 1LT;ESSENCIA FRACIONADA;33029019
020200050;ESSENCIA, DASLU - 1X200 HS - 500ML;ESSENCIA FRACIONADA;33029019
020200052;ESSENCIA, DASLU - 1X200 HS - 5LT;ESSENCIA FRACIONADA;33029019
02025986;ESSENCIA, DAVENY - 1X1000 - 1KG;ESSENCIA FRACIONADA;33029019
02026327;ESSENCIA, DAVENY - 1X1000 - 5KG;ESSENCIA FRACIONADA;33029019
02026358;ESSENCIA, DAVENY - 1X200 HS - 100ML;ESSENCIA FRACIONADA;33029019
0202000034;ESSENCIA, DAVENY - 1X200 HS - 100ML CX20;ESSENCIA FRACIONADA;33029019
0202785;ESSENCIA, DAVENY - 1X200 HS - 1LT;ESSENCIA FRACIONADA;33029019
02021496;ESSENCIA, DAVENY - 1X200 HS - 500ML;ESSENCIA FRACIONADA;33029019
02026362;ESSENCIA, DAVENY - 1X200 HS - 5LT;ESSENCIA FRACIONADA;33029019
0202200080;ESSENCIA, DESOLIN - 1X1000 - 1KG;ESSENCIA FRACIONADA;33029019
020200153;ESSENCIA, DESOLIN - 1X1000 - 5KG;ESSENCIA FRACIONADA;33029019
020200154;ESSENCIA, DESOLIN - 1X200 HS - 100ML;ESSENCIA FRACIONADA;33029019
0202000036;ESSENCIA, DESOLIN - 1X200 HS - 100ML CX20;ESSENCIA FRACIONADA;33029019
020200156;ESSENCIA, DESOLIN - 1X200 HS - 1LT;ESSENCIA FRACIONADA;33029019
020200155;ESSENCIA, DESOLIN - 1X200 HS - 500ML;ESSENCIA FRACIONADA;33029019
020200157;ESSENCIA, DESOLIN - 1X200 HS - 5LT;ESSENCIA FRACIONADA;33029019
020291168;ESSENCIA, DOVY - 1X1000 - 1KG;ESSENCIA FRACIONADA;33029019
020291169;ESSENCIA, DOVY - 1X1000 - 5KG;ESSENCIA FRACIONADA;33029019
02020692;ESSENCIA, DOVY - 1X200 HS - 100ML;ESSENCIA FRACIONADA;33029019
0202000037;ESSENCIA, DOVY - 1X200 HS - 100ML CX20;ESSENCIA FRACIONADA;33029019
02025407;ESSENCIA, DOVY - 1X200 HS - 1LT;ESSENCIA FRACIONADA;33029019
02028843;ESSENCIA, DOVY - 1X200 HS - 500ML;ESSENCIA FRACIONADA;33029019
020291167;ESSENCIA, DOVY - 1X200 HS - 5LT;ESSENCIA FRACIONADA;33029019
020291171;ESSENCIA, DOVY PLUS - 1X1000 - 1KG;ESSENCIA FRACIONADA;33029019
020291172;ESSENCIA, DOVY PLUS - 1X1000 - 5KG;ESSENCIA FRACIONADA;33029019
02021000;ESSENCIA, DOVY PLUS - 1X200 - 100ML;ESSENCIA FRACIONADA;33029019
0202000038;ESSENCIA, DOVY PLUS - 1X200 - 100ML CX20;ESSENCIA FRACIONADA;33029019
02021002;ESSENCIA, DOVY PLUS - 1X200 - 1LT;ESSENCIA FRACIONADA;33029019
02021001;ESSENCIA, DOVY PLUS - 1X200 - 500ML;ESSENCIA FRACIONADA;33029019
020291170;ESSENCIA, DOVY PLUS - 1X200 - 5LT;ESSENCIA FRACIONADA;33029019
02020852;ESSENCIA, DOWNE - 1X1000 - 1KG;ESSENCIA FRACIONADA;33029019
02025641;ESSENCIA, DOWNE - 1X1000 - 5KG;ESSENCIA FRACIONADA;33029019
02027253;ESSENCIA, DOWNE - 1X200 - 100ML;ESSENCIA FRACIONADA;33029019
0202000039;ESSENCIA, DOWNE - 1X200 - 100ML CX20;ESSENCIA FRACIONADA;33029019
02026638;ESSENCIA, DOWNE - 1X200 - 1LT;ESSENCIA FRACIONADA;33029019
02027070;ESSENCIA, DOWNE - 1X200 - 500ML;ESSENCIA FRACIONADA;33029019
02025810;ESSENCIA, DOWNE - 1X200 - 5LT;ESSENCIA FRACIONADA;33029019
02030048;ESSENCIA, DOWNE PAIXAO - 1X1000 - 1KG;ESSENCIA FRACIONADA;33029019
02050048;ESSENCIA, DOWNE PAIXAO - 1X1000 - 5KG;ESSENCIA FRACIONADA;33029019
02110048;ESSENCIA, DOWNE PAIXAO - 1X200 - 100ML;ESSENCIA FRACIONADA;33029019
02210048;ESSENCIA, DOWNE PAIXAO - 1X200 - 100ML CX20;ESSENCIA FRACIONADA;33029019
02070048;ESSENCIA, DOWNE PAIXAO - 1X200 - 1LT;ESSENCIA FRACIONADA;33029019
02130048;ESSENCIA, DOWNE PAIXAO - 1X200 - 500ML;ESSENCIA FRACIONADA;33029019
02090048;ESSENCIA, DOWNE PAIXAO - 1X200 - 5LT;ESSENCIA FRACIONADA;33029019
0202000121;ESSENCIA, DOWNE VERMELHO - 1X1000 - 1KG;ESSENCIA FRACIONADA;33029019
0202000145;ESSENCIA, DOWNE VERMELHO - 1X1000 - 5KG;ESSENCIA FRACIONADA;33029019
0202000196;ESSENCIA, DOWNE VERMELHO - 1X200 - 100ML;ESSENCIA FRACIONADA;33029019
0202000197;ESSENCIA, DOWNE VERMELHO - 1X200 - 100ML CX20;ESSENCIA FRACIONADA;33029019
0202000198;ESSENCIA, DOWNE VERMELHO - 1X200 - 1LT;ESSENCIA FRACIONADA;33029019
0202000199;ESSENCIA, DOWNE VERMELHO - 1X200 - 500ML;ESSENCIA FRACIONADA;33029019
0202000200;ESSENCIA, DOWNE VERMELHO - 1X200 - 5LT;ESSENCIA FRACIONADA;33029019
0202000396;ESSENCIA, DOWNE VERMELHO MAX - 1LT;ESSENCIA FRACIONADA;33029019
020291173;ESSENCIA, EFICAZ - 1X1000 - 1KG;ESSENCIA FRACIONADA;33029019
020291174;ESSENCIA, EFICAZ - 1X1000 - 5KG;ESSENCIA FRACIONADA;33029019
02029354;ESSENCIA, EFICAZ - 1X200 HS - 100ML;ESSENCIA FRACIONADA;33029019
0202000040;ESSENCIA, EFICAZ - 1X200 HS - 100ML CX20;ESSENCIA FRACIONADA;33029019
02020632;ESSENCIA, EFICAZ - 1X200 HS - 1LT;ESSENCIA FRACIONADA;33029019
02022432;ESSENCIA, EFICAZ - 1X200 HS - 500ML;ESSENCIA FRACIONADA;33029019
02029172;ESSENCIA, EFICAZ - 1X200 HS - 5LT;ESSENCIA FRACIONADA;33029019
020291176;ESSENCIA, ERVA DOCE - 1X1000 - 1KG;ESSENCIA FRACIONADA;33029019
020291177;ESSENCIA, ERVA DOCE - 1X1000 - 5KG;ESSENCIA FRACIONADA;33029019
02022466;ESSENCIA, ERVA DOCE - 1X200 HS - 100ML;ESSENCIA FRACIONADA;33029019
0202000041;ESSENCIA, ERVA DOCE - 1X200 HS - 100ML CX20;ESSENCIA FRACIONADA;33029019
02021739;ESSENCIA, ERVA DOCE - 1X200 HS - 1LT;ESSENCIA FRACIONADA;33029019
02026900;ESSENCIA, ERVA DOCE - 1X200 HS - 500ML;ESSENCIA FRACIONADA;33029019
020291175;ESSENCIA, ERVA DOCE - 1X200 HS - 5LT;ESSENCIA FRACIONADA;33029019
020291180;ESSENCIA, ESTRELA IMPERIAL - 1X1000 - 1KG;ESSENCIA FRACIONADA;33029019
020291181;ESSENCIA, ESTRELA IMPERIAL - 1X1000 - 5KG;ESSENCIA FRACIONADA;33029019
02028577;ESSENCIA, ESTRELA IMPERIAL - 1X200 HS - 100ML;ESSENCIA FRACIONADA;33029019
0202000042;ESSENCIA, ESTRELA IMPERIAL - 1X200 HS - 100ML CX20;ESSENCIA FRACIONADA;33029019
02020675;ESSENCIA, ESTRELA IMPERIAL - 1X200 HS - 1LT;ESSENCIA FRACIONADA;33029019
020291179;ESSENCIA, ESTRELA IMPERIAL - 1X200 HS - 5LT;ESSENCIA FRACIONADA;33029019
0202000307;ESSENCIA, FARMY - 1X1000 - 10ML;ESSENCIA FRACIONADA;33029019
0202000313;ESSENCIA, FARMY - 1X1000 - 1KG;ESSENCIA FRACIONADA;33029019
0202000319;ESSENCIA, FARMY - 1X1000 - 5KG;ESSENCIA FRACIONADA;33029019
0202000326;ESSENCIA, FARMY - 1X200 - 100ML;ESSENCIA FRACIONADA;33029019
0202000331;ESSENCIA, FARMY - 1X200 - 100ML CX20;ESSENCIA FRACIONADA;33029019
0202000337;ESSENCIA, FARMY - 1X200 - 1LT;ESSENCIA FRACIONADA;33029019
0202000343;ESSENCIA, FARMY - 1X200 - 500ML;ESSENCIA FRACIONADA;33029019
0202000351;ESSENCIA, FARMY - 1X200 - 5LT;ESSENCIA FRACIONADA;33029019
0202000122;ESSENCIA, FERRARI - 1X1000 - 1KG;ESSENCIA FRACIONADA;33029019
0202000146;ESSENCIA, FERRARI - 1X1000 - 5KG;ESSENCIA FRACIONADA;33029019
0202000201;ESSENCIA, FERRARI - 1X200 HS - 100ML;ESSENCIA FRACIONADA;33029019
0202000202;ESSENCIA, FERRARI - 1X200 HS - 100ML CX20;ESSENCIA FRACIONADA;33029019
0202000203;ESSENCIA, FERRARI - 1X200 HS - 1LT;ESSENCIA FRACIONADA;33029019
0202000204;ESSENCIA, FERRARI - 1X200 HS - 500ML;ESSENCIA FRACIONADA;33029019
0202000205;ESSENCIA, FERRARI - 1X200 HS - 5LT;ESSENCIA FRACIONADA;33029019
0202000355;ESSENCIA, FIGO EM CALDAS - 1X1000 - 10ML;ESSENCIA FRACIONADA;33029019
0202000358;ESSENCIA, FIGO EM CALDAS - 1X1000 - 1KG;ESSENCIA FRACIONADA;33029019
0202000361;ESSENCIA, FIGO EM CALDAS - 1X1000 - 5KG;ESSENCIA FRACIONADA;33029019
0202000364;ESSENCIA, FIGO EM CALDAS - 1X200 - 100ML;ESSENCIA FRACIONADA;33029019
0202000367;ESSENCIA, FIGO EM CALDAS - 1X200 - 100ML CX20;ESSENCIA FRACIONADA;33029019
0202000370;ESSENCIA, FIGO EM CALDAS - 1X200 - 1LT;ESSENCIA FRACIONADA;33029019
0202000373;ESSENCIA, FIGO EM CALDAS - 1X200 - 500ML;ESSENCIA FRACIONADA;33029019
0202000376;ESSENCIA, FIGO EM CALDAS - 1X200 - 5LT;ESSENCIA FRACIONADA;33029019
02030017;ESSENCIA, FLOR DE CEREJEIRA - 1X1000 - 1KG;ESSENCIA FRACIONADA;33029019
02050017;ESSENCIA, FLOR DE CEREJEIRA - 1X1000 - 5KG;ESSENCIA FRACIONADA;33029019
02110017;ESSENCIA, FLOR DE CEREJEIRA - 1X200 - 100ML;ESSENCIA FRACIONADA;33029019
02210017;ESSENCIA, FLOR DE CEREJEIRA - 1X200 - 100ML CX20;ESSENCIA FRACIONADA;33029019
02070017;ESSENCIA, FLOR DE CEREJEIRA - 1X200 - 1LT;ESSENCIA FRACIONADA;33029019
02130017;ESSENCIA, FLOR DE CEREJEIRA - 1X200 - 500ML;ESSENCIA FRACIONADA;33029019
02090017;ESSENCIA, FLOR DE CEREJEIRA - 1X200 - 5LT;ESSENCIA FRACIONADA;33029019
0202000123;ESSENCIA, FLOR DE LIZ - 1X1000 - 1KG;ESSENCIA FRACIONADA;33029019
0202000147;ESSENCIA, FLOR DE LIZ - 1X1000 - 5KG;ESSENCIA FRACIONADA;33029019
0202000206;ESSENCIA, FLOR DE LIZ - 1X200 HS - 100ML;ESSENCIA FRACIONADA;33029019
0202000210;ESSENCIA, FLOR DE LIZ - 1X200 HS - 100ML CX20;ESSENCIA FRACIONADA;33029019
0202000214;ESSENCIA, FLOR DE LIZ - 1X200 HS - 1LT;ESSENCIA FRACIONADA;33029019
0202000218;ESSENCIA, FLOR DE LIZ - 1X200 HS - 500ML;ESSENCIA FRACIONADA;33029019
0202000222;ESSENCIA, FLOR DE LIZ - 1X200 HS - 5LT;ESSENCIA FRACIONADA;33029019
0202000411;ESSENCIA, FLOR DE LIZ MAX - 1LT;ESSENCIA FRACIONADA;33029019
02030018;ESSENCIA, FLOR DE MARACUJA - 1X1000 - 1KG;ESSENCIA FRACIONADA;33029019
02050018;ESSENCIA, FLOR DE MARACUJA - 1X1000 - 5KG;ESSENCIA FRACIONADA;33029019
02110018;ESSENCIA, FLOR DE MARACUJA - 1X200 - 100ML;ESSENCIA FRACIONADA;33029019
02210018;ESSENCIA, FLOR DE MARACUJA - 1X200 - 100ML CX20;ESSENCIA FRACIONADA;33029019
02070018;ESSENCIA, FLOR DE MARACUJA - 1X200 - 1LT;ESSENCIA FRACIONADA;33029019
02130018;ESSENCIA, FLOR DE MARACUJA - 1X200 - 500ML;ESSENCIA FRACIONADA;33029019
02090018;ESSENCIA, FLOR DE MARACUJA - 1X200 - 5LT;ESSENCIA FRACIONADA;33029019
0202000124;ESSENCIA, FLOR DE YPE - 1X1000 - 1KG;ESSENCIA FRACIONADA;33029019
0202000148;ESSENCIA, FLOR DE YPE - 1X1000 - 5KG;ESSENCIA FRACIONADA;33029019
0202000207;ESSENCIA, FLOR DE YPE - 1X200 HS - 100ML;ESSENCIA FRACIONADA;33029019
0202000211;ESSENCIA, FLOR DE YPE - 1X200 HS - 100ML CX20;ESSENCIA FRACIONADA;33029019
0202000215;ESSENCIA, FLOR DE YPE - 1X200 HS - 1LT;ESSENCIA FRACIONADA;33029019
0202000219;ESSENCIA, FLOR DE YPE - 1X200 HS - 500ML;ESSENCIA FRACIONADA;33029019
0202000223;ESSENCIA, FLOR DE YPE - 1X200 HS - 5LT;ESSENCIA FRACIONADA;33029019
020291183;ESSENCIA, FLOR DO CAMPO - 1X1000 - 1KG;ESSENCIA FRACIONADA;33029019
020291184;ESSENCIA, FLOR DO CAMPO - 1X1000 - 5KG;ESSENCIA FRACIONADA;33029019
02024154;ESSENCIA, FLOR DO CAMPO - 1X200 HS - 100ML;ESSENCIA FRACIONADA;33029019
0202000043;ESSENCIA, FLOR DO CAMPO - 1X200 HS - 100ML CX20;ESSENCIA FRACIONADA;33029019
02025947;ESSENCIA, FLOR DO CAMPO - 1X200 HS - 1LT;ESSENCIA FRACIONADA;33029019
02028923;ESSENCIA, FLOR DO CAMPO - 1X200 HS - 500ML;ESSENCIA FRACIONADA;33029019
020291182;ESSENCIA, FLOR DO CAMPO - 1X200 HS - 5LT;ESSENCIA FRACIONADA;33029019
0202000393;ESSENCIA, FLOR DO CAMPO MAX - 1LT;ESSENCIA FRACIONADA;33029019
020200158;ESSENCIA, FLOR SILVESTRE - 1X1000 - 1KG;ESSENCIA FRACIONADA;33029019
020200159;ESSENCIA, FLOR SILVESTRE - 1X1000 - 5KG;ESSENCIA FRACIONADA;33029019
020200012;ESSENCIA, FLOR SILVESTRE - 1X200 HS - 100ML;ESSENCIA FRACIONADA;33029019
0202000044;ESSENCIA, FLOR SILVESTRE - 1X200 HS - 100ML CX20;ESSENCIA FRACIONADA;33029019
02020693;ESSENCIA, FLOR SILVESTRE - 1X200 HS - 1LT;ESSENCIA FRACIONADA;33029019
02020991;ESSENCIA, FLOR SILVESTRE - 1X200 HS - 500ML;ESSENCIA FRACIONADA;33029019
02020690;ESSENCIA, FLOR SILVESTRE - 1X200 HS - 5LT;ESSENCIA FRACIONADA;33029019
020291185;ESSENCIA, FLORAL BOUQUET - 1X1000 - 1KG;ESSENCIA FRACIONADA;33029019
020291186;ESSENCIA, FLORAL BOUQUET - 1X1000 - 5KG;ESSENCIA FRACIONADA;33029019
02026727;ESSENCIA, FLORAL BOUQUET - 1X200 HS - 100ML;ESSENCIA FRACIONADA;33029019
0202000045;ESSENCIA, FLORAL BOUQUET - 1X200 HS - 100ML CX20;ESSENCIA FRACIONADA;33029019
02020847;ESSENCIA, FLORAL BOUQUET - 1X200 HS - 1LT;ESSENCIA FRACIONADA;33029019
02025246;ESSENCIA, FLORAL BOUQUET - 1X200 HS - 500ML;ESSENCIA FRACIONADA;33029019
020200018;ESSENCIA, FLORAL BOUQUET - 1X200 HS - 5LT;ESSENCIA FRACIONADA;33029019
0202000405;ESSENCIA, FLORAL BOUQUET MAX - 1LT;ESSENCIA FRACIONADA;33029019
020206007;ESSENCIA, FLORAL FANTASIA - 1X1000 - 1KG;ESSENCIA FRACIONADA;33029019
020200017;ESSENCIA, FLORAL FANTASIA - 1X1000 - 5KG;ESSENCIA FRACIONADA;33029019
020200019;ESSENCIA, FLORAL FANTASIA - 1X200 HS - 100ML;ESSENCIA FRACIONADA;33029019
0202000046;ESSENCIA, FLORAL FANTASIA - 1X200 HS - 100ML CX20;ESSENCIA FRACIONADA;33029019
020200014;ESSENCIA, FLORAL FANTASIA - 1X200 HS - 1LT;ESSENCIA FRACIONADA;33029019
020200013;ESSENCIA, FLORAL FANTASIA - 1X200 HS - 500ML;ESSENCIA FRACIONADA;33029019
020200015;ESSENCIA, FLORAL FANTASIA - 1X200 HS - 5LT;ESSENCIA FRACIONADA;33029019
020200162;ESSENCIA, FLORAL FRUTAL - 1X1000 - 1KG;ESSENCIA FRACIONADA;33029019
020200163;ESSENCIA, FLORAL FRUTAL - 1X1000 - 5KG;ESSENCIA FRACIONADA;33029019
020200016;ESSENCIA, FLORAL FRUTAL - 1X200 HS - 100ML;ESSENCIA FRACIONADA;33029019
0202000047;ESSENCIA, FLORAL FRUTAL - 1X200 HS - 100ML CX20;ESSENCIA FRACIONADA;33029019
020200160;ESSENCIA, FLORAL FRUTAL - 1X200 HS - 1LT;ESSENCIA FRACIONADA;33029019
020200020;ESSENCIA, FLORAL FRUTAL - 1X200 HS - 500ML;ESSENCIA FRACIONADA;33029019
020200161;ESSENCIA, FLORAL FRUTAL - 1X200 HS - 5LT;ESSENCIA FRACIONADA;33029019
020291188;ESSENCIA, FLORAL HOMO - 1X1000 - 1KG;ESSENCIA FRACIONADA;33029019
020291189;ESSENCIA, FLORAL HOMO - 1X1000 - 5KG;ESSENCIA FRACIONADA;33029019
02028011;ESSENCIA, FLORAL HOMO - 1X200 - 100ML;ESSENCIA FRACIONADA;33029019
0202000048;ESSENCIA, FLORAL HOMO - 1X200 - 100ML CX20;ESSENCIA FRACIONADA;33029019
02023761;ESSENCIA, FLORAL HOMO - 1X200 - 1LT;ESSENCIA FRACIONADA;33029019
02029281;ESSENCIA, FLORAL HOMO - 1X200 - 500ML;ESSENCIA FRACIONADA;33029019
020291187;ESSENCIA, FLORAL HOMO - 1X200 - 5LT;ESSENCIA FRACIONADA;33029019
0202000448;ESSENCIA, FLORAL HOMO MAX - 1LT;ESSENCIA FRACIONADA;33029019
020291191;ESSENCIA, FLORAL ROSE - 1X1000 - 1KG;ESSENCIA FRACIONADA;33029019
020291192;ESSENCIA, FLORAL ROSE - 1X1000 - 5KG;ESSENCIA FRACIONADA;33029019
02024536;ESSENCIA, FLORAL ROSE - 1X200 HS - 100ML;ESSENCIA FRACIONADA;33029019
0202000049;ESSENCIA, FLORAL ROSE - 1X200 HS - 100ML CX20;ESSENCIA FRACIONADA;33029019
02021258;ESSENCIA, FLORAL ROSE - 1X200 HS - 500ML;ESSENCIA FRACIONADA;33029019
020291190;ESSENCIA, FLORAL ROSE - 1X200 HS - 5LT;ESSENCIA FRACIONADA;33029019
0202000401;ESSENCIA, FLORAL ROSE MAX - 1LT;ESSENCIA FRACIONADA;33029019
020200223;ESSENCIA, FLORES DE VERAO - 1X1000 - 1KG;ESSENCIA FRACIONADA;33029019
020200224;ESSENCIA, FLORES DE VERAO - 1X1000 - 5KG;ESSENCIA FRACIONADA;33029019
020200228;ESSENCIA, FLORES DE VERAO - 1X200 HS - 100ML;ESSENCIA FRACIONADA;33029019
0202000050;ESSENCIA, FLORES DE VERAO - 1X200 HS - 100ML CX20;ESSENCIA FRACIONADA;33029019
020200225;ESSENCIA, FLORES DE VERAO - 1X200 HS - 1LT;ESSENCIA FRACIONADA;33029019
020200227;ESSENCIA, FLORES DE VERAO - 1X200 HS - 5LT;ESSENCIA FRACIONADA;33029019
020291194;ESSENCIA, FOFO - 1X1000 - 1KG;ESSENCIA FRACIONADA;33029019
020291195;ESSENCIA, FOFO - 1X1000 - 5KG;ESSENCIA FRACIONADA;33029019
02025879;ESSENCIA, FOFO - 1X200 - 100ML;ESSENCIA FRACIONADA;33029019
0202000051;ESSENCIA, FOFO - 1X200 - 100ML CX20;ESSENCIA FRACIONADA;33029019
02024553;ESSENCIA, FOFO - 1X200 - 1LT;ESSENCIA FRACIONADA;33029019
02020119;ESSENCIA, FOFO - 1X200 - 500ML;ESSENCIA FRACIONADA;33029019
020291193;ESSENCIA, FOFO - 1X200 - 5LT;ESSENCIA FRACIONADA;33029019
020200211;ESSENCIA, FOFO PLUS - 1X1000 - 1KG;ESSENCIA FRACIONADA;33029019
020200212;ESSENCIA, FOFO PLUS - 1X1000 - 5KG;ESSENCIA FRACIONADA;33029019
020200215;ESSENCIA, FOFO PLUS - 1X200 - 100ML;ESSENCIA FRACIONADA;33029019
0202000052;ESSENCIA, FOFO PLUS - 1X200 - 100ML CX20;ESSENCIA FRACIONADA;33029019
020200213;ESSENCIA, FOFO PLUS - 1X200 - 1LT;ESSENCIA FRACIONADA;33029019
020200216;ESSENCIA, FOFO PLUS - 1X200 - 500ML;ESSENCIA FRACIONADA;33029019
020200214;ESSENCIA, FOFO PLUS - 1X200 - 5LT;ESSENCIA FRACIONADA;33029019
0202000407;ESSENCIA, FOFO PLUS MAX - 1LT;ESSENCIA FRACIONADA;33029019
020291197;ESSENCIA, FRAMBOESA - 1X1000 - 1KG;ESSENCIA FRACIONADA;33029019
020291198;ESSENCIA, FRAMBOESA - 1X1000 - 5KG;ESSENCIA FRACIONADA;33029019
02027925;ESSENCIA, FRAMBOESA - 1X200 HS - 100ML;ESSENCIA FRACIONADA;33029019
0202000053;ESSENCIA, FRAMBOESA - 1X200 HS - 100ML CX20;ESSENCIA FRACIONADA;33029019
02021514;ESSENCIA, FRAMBOESA - 1X200 HS - 1LT;ESSENCIA FRACIONADA;33029019
02029545;ESSENCIA, FRAMBOESA - 1X200 HS - 500ML;ESSENCIA FRACIONADA;33029019
020291196;ESSENCIA, FRAMBOESA - 1X200 HS - 5LT;ESSENCIA FRACIONADA;33029019
020200193;ESSENCIA, FRYE - 1X1000 - 1KG;ESSENCIA FRACIONADA;33029019
020200194;ESSENCIA, FRYE - 1X1000 - 5KG;ESSENCIA FRACIONADA;33029019
020200196;ESSENCIA, FRYE - 1X200 HS - 100ML;ESSENCIA FRACIONADA;33029019
0202000054;ESSENCIA, FRYE - 1X200 HS - 100ML CX20;ESSENCIA FRACIONADA;33029019
020200195;ESSENCIA, FRYE - 1X200 HS - 1LT;ESSENCIA FRACIONADA;33029019
020200197;ESSENCIA, FRYE - 1X200 HS - 500ML;ESSENCIA FRACIONADA;33029019
020200198;ESSENCIA, FRYE - 1X200 HS - 5LT;ESSENCIA FRACIONADA;33029019
0202000125;ESSENCIA, GABATINE - 1X1000 - 1KG;ESSENCIA FRACIONADA;33029019
0202000149;ESSENCIA, GABATINE - 1X1000 - 5KG;ESSENCIA FRACIONADA;33029019
0202000208;ESSENCIA, GABATINE - 1X200 HS - 100ML;ESSENCIA FRACIONADA;33029019
0202000212;ESSENCIA, GABATINE - 1X200 HS - 100ML CX20;ESSENCIA FRACIONADA;33029019
0202000216;ESSENCIA, GABATINE - 1X200 HS - 1LT;ESSENCIA FRACIONADA;33029019
0202000220;ESSENCIA, GABATINE - 1X200 HS - 500ML;ESSENCIA FRACIONADA;33029019
0202000224;ESSENCIA, GABATINE - 1X200 HS - 5LT;ESSENCIA FRACIONADA;33029019
020291200;ESSENCIA, GABRIELA - 1X1000 - 1KG;ESSENCIA FRACIONADA;33029019
020291201;ESSENCIA, GABRIELA - 1X1000 - 5KG;ESSENCIA FRACIONADA;33029019
02020629;ESSENCIA, GABRIELA - 1X200 HS - 100ML;ESSENCIA FRACIONADA;33029019
0202000055;ESSENCIA, GABRIELA - 1X200 HS - 100ML CX20;ESSENCIA FRACIONADA;33029019
02029517;ESSENCIA, GABRIELA - 1X200 HS - 1LT;ESSENCIA FRACIONADA;33029019
02029119;ESSENCIA, GABRIELA - 1X200 HS - 500ML;ESSENCIA FRACIONADA;33029019
020291199;ESSENCIA, GABRIELA - 1X200 HS - 5LT;ESSENCIA FRACIONADA;33029019
020291203;ESSENCIA, GIOVANA - 1X1000 - 1KG;ESSENCIA FRACIONADA;33029019
020291204;ESSENCIA, GIOVANA - 1X1000 - 5KG;ESSENCIA FRACIONADA;33029019
02026763;ESSENCIA, GIOVANA - 1X200 HS - 100ML;ESSENCIA FRACIONADA;33029019
0202000056;ESSENCIA, GIOVANA - 1X200 HS - 100ML CX20;ESSENCIA FRACIONADA;33029019
02025306;ESSENCIA, GIOVANA - 1X200 HS - 1LT;ESSENCIA FRACIONADA;33029019
02021279;ESSENCIA, GIOVANA - 1X200 HS - 500ML;ESSENCIA FRACIONADA;33029019
020291202;ESSENCIA, GIOVANA - 1X200 HS - 5LT;ESSENCIA FRACIONADA;33029019
020200023;ESSENCIA, GIRASSOL - 1X1000 - 1KG;ESSENCIA FRACIONADA;33029019
02021379;ESSENCIA, GIRASSOL - 1X1000 - 5KG;ESSENCIA FRACIONADA;33029019
020200021;ESSENCIA, GIRASSOL - 1X200 HS - 100ML;ESSENCIA FRACIONADA;33029019
0202000057;ESSENCIA, GIRASSOL - 1X200 HS - 100ML CX20;ESSENCIA FRACIONADA;33029019
02020748;ESSENCIA, GIRASSOL - 1X200 HS - 1LT;ESSENCIA FRACIONADA;33029019
02028111;ESSENCIA, GIRASSOL - 1X200 HS - 500ML;ESSENCIA FRACIONADA;33029019
02025543;ESSENCIA, GIRASSOL - 1X200 HS - 5LT;ESSENCIA FRACIONADA;33029019
02030046;ESSENCIA, GOJY BERRY - 1X1000 - 1KG;ESSENCIA FRACIONADA;33029019
02050046;ESSENCIA, GOJY BERRY - 1X1000 - 5KG;ESSENCIA FRACIONADA;33029019
02110046;ESSENCIA, GOJY BERRY - 1X200 - 100ML;ESSENCIA FRACIONADA;33029019
02210046;ESSENCIA, GOJY BERRY - 1X200 - 100ML CX20;ESSENCIA FRACIONADA;33029019
02070046;ESSENCIA, GOJY BERRY - 1X200 - 1LT;ESSENCIA FRACIONADA;33029019
02130046;ESSENCIA, GOJY BERRY - 1X200 - 500ML;ESSENCIA FRACIONADA;33029019
02090046;ESSENCIA, GOJY BERRY - 1X200 - 5LT;ESSENCIA FRACIONADA;33029019
0202000377;ESSENCIA, GOOD GIRL - 1X1000 - 10ML;ESSENCIA FRACIONADA;33029019
0202000379;ESSENCIA, GOOD GIRL - 1X1000 - 1KG;ESSENCIA FRACIONADA;33029019
0202000381;ESSENCIA, GOOD GIRL - 1X1000 - 5KG;ESSENCIA FRACIONADA;33029019
0202000383;ESSENCIA, GOOD GIRL - 1X200 - 100ML;ESSENCIA FRACIONADA;33029019
0202000385;ESSENCIA, GOOD GIRL - 1X200 - 100ML CX20;ESSENCIA FRACIONADA;33029019
0202000387;ESSENCIA, GOOD GIRL - 1X200 - 1LT;ESSENCIA FRACIONADA;33029019
0202000389;ESSENCIA, GOOD GIRL - 1X200 - 500ML;ESSENCIA FRACIONADA;33029019
0202000391;ESSENCIA, GOOD GIRL - 1X200 - 5LT;ESSENCIA FRACIONADA;33029019
020200070;ESSENCIA, HERBAL - 1X1000 - 1KG;ESSENCIA FRACIONADA;33029019
020200073;ESSENCIA, HERBAL - 1X1000 - 5KG;ESSENCIA FRACIONADA;33029019
020200024;ESSENCIA, HERBAL - 1X200 HS - 100ML;ESSENCIA FRACIONADA;33029019
0202000059;ESSENCIA, HERBAL - 1X200 HS - 100ML CX20;ESSENCIA FRACIONADA;33029019
02026349;ESSENCIA, HERBAL - 1X200 HS - 1LT;ESSENCIA FRACIONADA;33029019
02020372;ESSENCIA, HERBAL - 1X200 HS - 500ML;ESSENCIA FRACIONADA;33029019
020200164;ESSENCIA, HERBAL - 1X200 HS - 5LT;ESSENCIA FRACIONADA;33029019
0202000444;ESSENCIA, HERBAL MAX - 1LT;ESSENCIA FRACIONADA;33029019
020200217;ESSENCIA, HOMO CARIBE - 1X1000 - 1KG;ESSENCIA FRACIONADA;33029019
020200218;ESSENCIA, HOMO CARIBE - 1X1000 - 5KG;ESSENCIA FRACIONADA;33029019
020200222;ESSENCIA, HOMO CARIBE - 1X200 - 100ML;ESSENCIA FRACIONADA;33029019
0202000086;ESSENCIA, HOMO CARIBE - 1X200 - 100ML CX20;ESSENCIA FRACIONADA;33029019
020200221;ESSENCIA, HOMO CARIBE - 1X200 - 1LT;ESSENCIA FRACIONADA;33029019
020200220;ESSENCIA, HOMO CARIBE - 1X200 - 500ML;ESSENCIA FRACIONADA;33029019
0202002019;ESSENCIA, HOMO CARIBE - 1X200 - 5LT;ESSENCIA FRACIONADA;33029019
0202000402;ESSENCIA, HOMO CARIBE MAX - 1LT;ESSENCIA FRACIONADA;33029019
02030031;ESSENCIA, HOMO COCO - 1X1000 - 1KG;ESSENCIA FRACIONADA;33029019
02050031;ESSENCIA, HOMO COCO - 1X1000 - 5KG;ESSENCIA FRACIONADA;33029019
02110031;ESSENCIA, HOMO COCO - 1X200 - 100ML;ESSENCIA FRACIONADA;33029019
02210031;ESSENCIA, HOMO COCO - 1X200 - 100ML CX20;ESSENCIA FRACIONADA;33029019
02070031;ESSENCIA, HOMO COCO - 1X200 - 1LT;ESSENCIA FRACIONADA;33029019
02130031;ESSENCIA, HOMO COCO - 1X200 - 500ML;ESSENCIA FRACIONADA;33029019
02090031;ESSENCIA, HOMO COCO - 1X200 - 5LT;ESSENCIA FRACIONADA;33029019
02025241;ESSENCIA, HOMO MULTI - 1X1000 - 1KG;ESSENCIA FRACIONADA;33029019
02028745;ESSENCIA, HOMO MULTI - 1X1000 - 5KG;ESSENCIA FRACIONADA;33029019
02028563;ESSENCIA, HOMO MULTI - 1X200 - 100ML;ESSENCIA FRACIONADA;33029019
02024598;ESSENCIA, HOMO MULTI - 1X200 - 100ML CX20;ESSENCIA FRACIONADA;33029019
02027561;ESSENCIA, HOMO MULTI - 1X200 - 1LT;ESSENCIA FRACIONADA;33029019
02028965;ESSENCIA, HOMO MULTI - 1X200 - 500ML;ESSENCIA FRACIONADA;33029019
02026325;ESSENCIA, HOMO MULTI - 1X200 - 5LT;ESSENCIA FRACIONADA;33029019
0202000406;ESSENCIA, HOMO MULTI MAX - 1LT;ESSENCIA FRACIONADA;33029019
020200165;ESSENCIA, HOMO PROGREN - 1X1000 - 1KG;ESSENCIA FRACIONADA;33029019
020200166;ESSENCIA, HOMO PROGREN - 1X1000 - 5KG;ESSENCIA FRACIONADA;33029019
020200167;ESSENCIA, HOMO PROGREN - 1X200 - 100ML;ESSENCIA FRACIONADA;33029019
0202000087;ESSENCIA, HOMO PROGREN - 1X200 - 100ML CX20;ESSENCIA FRACIONADA;33029019
020200169;ESSENCIA, HOMO PROGREN - 1X200 - 1LT;ESSENCIA FRACIONADA;33029019
020200168;ESSENCIA, HOMO PROGREN - 1X200 - 500ML;ESSENCIA FRACIONADA;33029019
020200170;ESSENCIA, HOMO PROGREN - 1X200 - 5LT;ESSENCIA FRACIONADA;33029019
0202000134;ESSENCIA, HOMO SEVEN - 1X1000 - 1KG;ESSENCIA FRACIONADA;33029019
0202000157;ESSENCIA, HOMO SEVEN - 1X1000 - 5KG;ESSENCIA FRACIONADA;33029019
0202000261;ESSENCIA, HOMO SEVEN - 1X200 - 100ML;ESSENCIA FRACIONADA;33029019
0202000265;ESSENCIA, HOMO SEVEN - 1X200 - 100ML CX20;ESSENCIA FRACIONADA;33029019
0202000269;ESSENCIA, HOMO SEVEN - 1X200 - 1LT;ESSENCIA FRACIONADA;33029019
0202000270;ESSENCIA, HOMO SEVEN - 1X200 - 500ML;ESSENCIA FRACIONADA;33029019
0202000271;ESSENCIA, HOMO SEVEN - 1X200 - 5LT;ESSENCIA FRACIONADA;33029019
02030019;ESSENCIA, HORTELA - 1X1000 - 1KG;ESSENCIA FRACIONADA;33029019
02050019;ESSENCIA, HORTELA - 1X1000 - 5KG;ESSENCIA FRACIONADA;33029019
02110019;ESSENCIA, HORTELA - 1X200 - 100ML;ESSENCIA FRACIONADA;33029019
02210019;ESSENCIA, HORTELA - 1X200 - 100ML CX20;ESSENCIA FRACIONADA;33029019
02070019;ESSENCIA, HORTELA - 1X200 - 1LT;ESSENCIA FRACIONADA;33029019
02130019;ESSENCIA, HORTELA - 1X200 - 500ML;ESSENCIA FRACIONADA;33029019
02090019;ESSENCIA, HORTELA - 1X200 - 5LT;ESSENCIA FRACIONADA;33029019
0202000126;ESSENCIA, HUGO BOZ - 1X1000 - 1KG;ESSENCIA FRACIONADA;33029019
0202000150;ESSENCIA, HUGO BOZ - 1X1000 - 5KG;ESSENCIA FRACIONADA;33029019
0202000209;ESSENCIA, HUGO BOZ - 1X200 HS - 100ML;ESSENCIA FRACIONADA;33029019
0202000213;ESSENCIA, HUGO BOZ - 1X200 HS - 100ML CX20;ESSENCIA FRACIONADA;33029019
0202000217;ESSENCIA, HUGO BOZ - 1X200 HS - 1LT;ESSENCIA FRACIONADA;33029019
0202000221;ESSENCIA, HUGO BOZ - 1X200 HS - 500ML;ESSENCIA FRACIONADA;33029019
0202000225;ESSENCIA, HUGO BOZ - 1X200 HS - 5LT;ESSENCIA FRACIONADA;33029019
0202000413;ESSENCIA, IGUATEMI - 1X1000 - 10ML;ESSENCIA FRACIONADA;33029019
0202000414;ESSENCIA, IGUATEMI - 1X1000 - 1KG;ESSENCIA FRACIONADA;33029019
0202000415;ESSENCIA, IGUATEMI - 1X1000 - 5KG;ESSENCIA FRACIONADA;33029019
0202000416;ESSENCIA, IGUATEMI - 1X200 HS - 100ML;ESSENCIA FRACIONADA;33029019
0202000417;ESSENCIA, IGUATEMI - 1X200 HS - 100ML CX20;ESSENCIA FRACIONADA;33029019
0202000418;ESSENCIA, IGUATEMI - 1X200 HS - 1LT;ESSENCIA FRACIONADA;33029019
0202000419;ESSENCIA, IGUATEMI - 1X200 HS - 500ML;ESSENCIA FRACIONADA;33029019
0202000420;ESSENCIA, IGUATEMI - 1X200 HS - 5LT;ESSENCIA FRACIONADA;33029019
0202000446;ESSENCIA, IGUATEMI MAX - 1LT;ESSENCIA FRACIONADA;33029019
02029356;ESSENCIA, IMPERIAL - 1X1000 - 1KG;ESSENCIA FRACIONADA;33029019
02029365;ESSENCIA, IMPERIAL - 1X1000 - 5KG;ESSENCIA FRACIONADA;33029019
02029865;ESSENCIA, IMPERIAL - 1X200 HS - 100ML;ESSENCIA FRACIONADA;33029019
0202000113;ESSENCIA, IMPERIAL - 1X200 HS - 100ML CX20;ESSENCIA FRACIONADA;33029019
02029634;ESSENCIA, IMPERIAL - 1X200 HS - 1LT;ESSENCIA FRACIONADA;33029019
02029652;ESSENCIA, IMPERIAL - 1X200 HS - 500ML;ESSENCIA FRACIONADA;33029019
02029362;ESSENCIA, IMPERIAL - 1X200 HS - 5LT;ESSENCIA FRACIONADA;33029019
0202000308;ESSENCIA, INVICTUS - 1X1000 - 10ML;ESSENCIA FRACIONADA;33029019
0202000314;ESSENCIA, INVICTUS - 1X1000 - 1KG;ESSENCIA FRACIONADA;33029019
0202000322;ESSENCIA, INVICTUS - 1X1000 - 5KG;ESSENCIA FRACIONADA;33029019
0202000325;ESSENCIA, INVICTUS - 1X200 - 100ML;ESSENCIA FRACIONADA;33029019
0202000332;ESSENCIA, INVICTUS - 1X200 - 100ML CX20;ESSENCIA FRACIONADA;33029019
0202000338;ESSENCIA, INVICTUS - 1X200 - 1LT;ESSENCIA FRACIONADA;33029019
0202000344;ESSENCIA, INVICTUS - 1X200 - 500ML;ESSENCIA FRACIONADA;33029019
0202000349;ESSENCIA, INVICTUS - 1X200 - 5LT;ESSENCIA FRACIONADA;33029019
02025522;ESSENCIA, JABUTICABA - 1X1000 - 1KG;ESSENCIA FRACIONADA;33029019
02020576;ESSENCIA, JABUTICABA - 1X1000 - 5KG;ESSENCIA FRACIONADA;33029019
02021007;ESSENCIA, JABUTICABA - 1X200 - 100ML;ESSENCIA FRACIONADA;33029019
0202000281;ESSENCIA, JABUTICABA - 1X200 - 100ML CX20;ESSENCIA FRACIONADA;33029019
02021009;ESSENCIA, JABUTICABA - 1X200 - 1LT;ESSENCIA FRACIONADA;33029019
02021008;ESSENCIA, JABUTICABA - 1X200 - 500ML;ESSENCIA FRACIONADA;33029019
02022069;ESSENCIA, JABUTICABA - 1X200 - 5LT;ESSENCIA FRACIONADA;33029019
020291209;ESSENCIA, JASMIM FRASSES - 1X1000 - 1KG;ESSENCIA FRACIONADA;33029019
020291210;ESSENCIA, JASMIM FRASSES - 1X1000 - 5KG;ESSENCIA FRACIONADA;33029019
02021650;ESSENCIA, JASMIM FRASSES - 1X200 HS - 100ML;ESSENCIA FRACIONADA;33029019
0202000060;ESSENCIA, JASMIM FRASSES - 1X200 HS - 100ML CX20;ESSENCIA FRACIONADA;33029019
02022639;ESSENCIA, JASMIM FRASSES - 1X200 HS - 1LT;ESSENCIA FRACIONADA;33029019
02023059;ESSENCIA, JASMIM FRASSES - 1X200 HS - 500ML;ESSENCIA FRACIONADA;33029019
020291208;ESSENCIA, JASMIM FRASSES - 1X200 HS - 5LT;ESSENCIA FRACIONADA;33029019
0202000439;ESSENCIA, JASMIM FRASSES MAX - 1LT;ESSENCIA FRACIONADA;33029019
020291212;ESSENCIA, JASMIM GL - 1X1000 - 1KG;ESSENCIA FRACIONADA;33029019
020291213;ESSENCIA, JASMIM GL - 1X1000 - 5KG;ESSENCIA FRACIONADA;33029019
02028257;ESSENCIA, JASMIM GL - 1X200 HS - 100ML;ESSENCIA FRACIONADA;33029019
0202000061;ESSENCIA, JASMIM GL - 1X200 HS - 100ML CX20;ESSENCIA FRACIONADA;33029019
02024821;ESSENCIA, JASMIM GL - 1X200 HS - 1LT;ESSENCIA FRACIONADA;33029019
02021691;ESSENCIA, JASMIM GL - 1X200 HS - 500ML;ESSENCIA FRACIONADA;33029019
020291211;ESSENCIA, JASMIM GL - 1X200 HS - 5LT;ESSENCIA FRACIONADA;33029019
020200026;ESSENCIA, JASMIM PLUS - 1X1000 - 1KG;ESSENCIA FRACIONADA;33029019
020200027;ESSENCIA, JASMIM PLUS - 1X1000 - 5KG;ESSENCIA FRACIONADA;33029019
02020161;ESSENCIA, JASMIM PLUS - 1X200 HS - 100ML;ESSENCIA FRACIONADA;33029019
0202000062;ESSENCIA, JASMIM PLUS - 1X200 HS - 100ML CX20;ESSENCIA FRACIONADA;33029019
02022648;ESSENCIA, JASMIM PLUS - 1X200 HS - 1LT;ESSENCIA FRACIONADA;33029019
02020767;ESSENCIA, JASMIM PLUS - 1X200 HS - 500ML;ESSENCIA FRACIONADA;33029019
020200022;ESSENCIA, JASMIM PLUS - 1X200 HS - 5LT;ESSENCIA FRACIONADA;33029019
02030037;ESSENCIA, JON JONY - 1X1000 - 1KG;ESSENCIA FRACIONADA;33029019
02050037;ESSENCIA, JON JONY - 1X1000 - 5KG;ESSENCIA FRACIONADA;33029019
02110037;ESSENCIA, JON JONY - 1X200 - 100ML;ESSENCIA FRACIONADA;33029019
02210037;ESSENCIA, JON JONY - 1X200 - 100ML CX20;ESSENCIA FRACIONADA;33029019
02070037;ESSENCIA, JON JONY - 1X200 - 1LT;ESSENCIA FRACIONADA;33029019
02130037;ESSENCIA, JON JONY - 1X200 - 500ML;ESSENCIA FRACIONADA;33029019
02090037;ESSENCIA, JON JONY - 1X200 - 5LT;ESSENCIA FRACIONADA;33029019
0202912012;ESSENCIA, KARITE - 1X1000 - 1KG;ESSENCIA FRACIONADA;33029019
0202912013;ESSENCIA, KARITE - 1X1000 - 5KG;ESSENCIA FRACIONADA;33029019
02023829;ESSENCIA, KARITE - 1X200 HS - 100ML;ESSENCIA FRACIONADA;33029019
0202000063;ESSENCIA, KARITE - 1X200 HS - 100ML CX20;ESSENCIA FRACIONADA;33029019
02024298;ESSENCIA, KARITE - 1X200 HS - 1LT;ESSENCIA FRACIONADA;33029019
02021226;ESSENCIA, KARITE - 1X200 HS - 500ML;ESSENCIA FRACIONADA;33029019
020219211;ESSENCIA, KARITE - 1X200 HS - 5LT;ESSENCIA FRACIONADA;33029019
0202000137;ESSENCIA, KASAR - 1X1000 - 1KG;ESSENCIA FRACIONADA;33029019
0202000160;ESSENCIA, KASAR - 1X1000 - 5KG;ESSENCIA FRACIONADA;33029019
0202000264;ESSENCIA, KASAR - 1X200 HS - 100ML;ESSENCIA FRACIONADA;33029019
0202000268;ESSENCIA, KASAR - 1X200 HS - 100ML CX20;ESSENCIA FRACIONADA;33029019
0202000274;ESSENCIA, KASAR - 1X200 HS - 1LT;ESSENCIA FRACIONADA;33029019
0202000277;ESSENCIA, KASAR - 1X200 HS - 500ML;ESSENCIA FRACIONADA;33029019
0202000280;ESSENCIA, KASAR - 1X200 HS - 5LT;ESSENCIA FRACIONADA;33029019
020291215;ESSENCIA, KAYAKE - 1X1000 - 1KG;ESSENCIA FRACIONADA;33029019
020291216;ESSENCIA, KAYAKE - 1X1000 - 5KG;ESSENCIA FRACIONADA;33029019
02027031;ESSENCIA, KAYAKE - 1X200 HS - 100ML;ESSENCIA FRACIONADA;33029019
0202000064;ESSENCIA, KAYAKE - 1X200 HS - 100ML CX20;ESSENCIA FRACIONADA;33029019
02020041;ESSENCIA, KAYAKE - 1X200 HS - 1LT;ESSENCIA FRACIONADA;33029019
02025382;ESSENCIA, KAYAKE - 1X200 HS - 500ML;ESSENCIA FRACIONADA;33029019
0202912014;ESSENCIA, KAYAKE - 1X200 HS - 5LT;ESSENCIA FRACIONADA;33029019
020200072;ESSENCIA, KAYAKE PLUS - 1X1000 - 1KG;ESSENCIA FRACIONADA;33029019
020200076;ESSENCIA, KAYAKE PLUS - 1X1000 - 5KG;ESSENCIA FRACIONADA;33029019
020206000;ESSENCIA, KAYAKE PLUS - 1X200 HS - 100ML;ESSENCIA FRACIONADA;33029019
0202000065;ESSENCIA, KAYAKE PLUS - 1X200 HS - 100ML CX20;ESSENCIA FRACIONADA;33029019
020200029;ESSENCIA, KAYAKE PLUS - 1X200 HS - 1LT;ESSENCIA FRACIONADA;33029019
020200028;ESSENCIA, KAYAKE PLUS - 1X200 HS - 500ML;ESSENCIA FRACIONADA;33029019
020200031;ESSENCIA, KAYAKE PLUS - 1X200 HS - 5LT;ESSENCIA FRACIONADA;33029019
0202000398;ESSENCIA, KAYAKE PLUS MAX - 1LT;ESSENCIA FRACIONADA;33029019
020200032;ESSENCIA, LAVANDA BABY - 1X1000 - 1KG;ESSENCIA FRACIONADA;33029019
020200033;ESSENCIA, LAVANDA BABY - 1X1000 - 5KG;ESSENCIA FRACIONADA;33029019
02028328;ESSENCIA, LAVANDA BABY - 1X200 HS - 100ML;ESSENCIA FRACIONADA;33029019
0202000066;ESSENCIA, LAVANDA BABY - 1X200 HS - 100ML CX20;ESSENCIA FRACIONADA;33029019
02024307;ESSENCIA, LAVANDA BABY - 1X200 HS - 1LT;ESSENCIA FRACIONADA;33029019
02024573;ESSENCIA, LAVANDA BABY - 1X200 HS - 500ML;ESSENCIA FRACIONADA;33029019
020200030;ESSENCIA, LAVANDA BABY - 1X200 HS - 5LT;ESSENCIA FRACIONADA;33029019
020291218;ESSENCIA, LAVANDA CAR (EUREKA) - 1X1000 - 1KG;ESSENCIA FRACIONADA;33029019
020291219;ESSENCIA, LAVANDA CAR (EUREKA) - 1X1000 - 5KG;ESSENCIA FRACIONADA;33029019
02026254;ESSENCIA, LAVANDA CAR (EUREKA) - 1X200 HS - 100ML;ESSENCIA FRACIONADA;33029019
0202000067;ESSENCIA, LAVANDA CAR (EUREKA) - 1X200 HS - 100ML CX20;ESSENCIA FRACIONADA;33029019
02021200;ESSENCIA, LAVANDA CAR (EUREKA) - 1X200 HS - 1LT;ESSENCIA FRACIONADA;33029019
02029833;ESSENCIA, LAVANDA CAR (EUREKA) - 1X200 HS - 500ML;ESSENCIA FRACIONADA;33029019
020219217;ESSENCIA, LAVANDA CAR (EUREKA) - 1X200 HS - 5LT;ESSENCIA FRACIONADA;33029019
0202000127;ESSENCIA, LAVANDA CHINES - 1X1000 - 1KG;ESSENCIA FRACIONADA;33029019
02025478;ESSENCIA, LAVANDA CHINES - 1X1000 - 5KG;ESSENCIA FRACIONADA;33029019
0202000226;ESSENCIA, LAVANDA CHINES - 1X200 HS - 100ML;ESSENCIA FRACIONADA;33029019
0202000233;ESSENCIA, LAVANDA CHINES - 1X200 HS - 100ML CX20;ESSENCIA FRACIONADA;33029019
0202000240;ESSENCIA, LAVANDA CHINES - 1X200 HS - 1LT;ESSENCIA FRACIONADA;33029019
0202000247;ESSENCIA, LAVANDA CHINES - 1X200 HS - 500ML;ESSENCIA FRACIONADA;33029019
0202000254;ESSENCIA, LAVANDA CHINES - 1X200 HS - 5LT;ESSENCIA FRACIONADA;33029019
020291221;ESSENCIA, LAVANDA GLEID - 1X1000 - 1KG;ESSENCIA FRACIONADA;33029019
020291222;ESSENCIA, LAVANDA GLEID - 1X1000 - 5KG;ESSENCIA FRACIONADA;33029019
02024439;ESSENCIA, LAVANDA GLEID - 1X200 HS - 100ML;ESSENCIA FRACIONADA;33029019
0202000068;ESSENCIA, LAVANDA GLEID - 1X200 HS - 100ML CX20;ESSENCIA FRACIONADA;33029019
02022578;ESSENCIA, LAVANDA GLEID - 1X200 HS - 1LT;ESSENCIA FRACIONADA;33029019
02021618;ESSENCIA, LAVANDA GLEID - 1X200 HS - 500ML;ESSENCIA FRACIONADA;33029019
020291220;ESSENCIA, LAVANDA GLEID - 1X200 HS - 5LT;ESSENCIA FRACIONADA;33029019
0202000399;ESSENCIA, LAVANDA GLEID MAX - 1LT;ESSENCIA FRACIONADA;33029019
0202000424;ESSENCIA, LAVANDA GLEID PLUS - 1X1000 - 1KG;ESSENCIA FRACIONADA;33029019
0202000426;ESSENCIA, LAVANDA GLEID PLUS - 1X1000 - 5KG;ESSENCIA FRACIONADA;33029019
0202000428;ESSENCIA, LAVANDA GLEID PLUS - 1X200 HS - 100ML;ESSENCIA FRACIONADA;33029019
0202000430;ESSENCIA, LAVANDA GLEID PLUS - 1X200 HS - 100ML CX20;ESSENCIA FRACIONADA;33029019
0202000432;ESSENCIA, LAVANDA GLEID PLUS - 1X200 HS - 1LT;ESSENCIA FRACIONADA;33029019
0202000434;ESSENCIA, LAVANDA GLEID PLUS - 1X200 HS - 500ML;ESSENCIA FRACIONADA;33029019
0202000436;ESSENCIA, LAVANDA GLEID PLUS - 1X200 HS - 5LT;ESSENCIA FRACIONADA;33029019
020219224;ESSENCIA, LAVANDA MUSK - 1X1000 - 1KG;ESSENCIA FRACIONADA;33029019
020291225;ESSENCIA, LAVANDA MUSK - 1X1000 - 5KG;ESSENCIA FRACIONADA;33029019
02029659;ESSENCIA, LAVANDA MUSK - 1X200 HS - 100ML;ESSENCIA FRACIONADA;33029019
0202000069;ESSENCIA, LAVANDA MUSK - 1X200 HS - 100ML CX20;ESSENCIA FRACIONADA;33029019
02025846;ESSENCIA, LAVANDA MUSK - 1X200 HS - 1LT;ESSENCIA FRACIONADA;33029019
02029524;ESSENCIA, LAVANDA MUSK - 1X200 HS - 500ML;ESSENCIA FRACIONADA;33029019
020291223;ESSENCIA, LAVANDA MUSK - 1X200 HS - 5LT;ESSENCIA FRACIONADA;33029019
02030022;ESSENCIA, LAVANDA PROVENCE - 1X1000 - 1KG;ESSENCIA FRACIONADA;33029019
02050022;ESSENCIA, LAVANDA PROVENCE - 1X1000 - 5KG;ESSENCIA FRACIONADA;33029019
02110022;ESSENCIA, LAVANDA PROVENCE - 1X200 - 100ML;ESSENCIA FRACIONADA;33029019
02210022;ESSENCIA, LAVANDA PROVENCE - 1X200 - 100ML CX20;ESSENCIA FRACIONADA;33029019
02070022;ESSENCIA, LAVANDA PROVENCE - 1X200 - 1LT;ESSENCIA FRACIONADA;33029019
02130022;ESSENCIA, LAVANDA PROVENCE - 1X200 - 500ML;ESSENCIA FRACIONADA;33029019
02090022;ESSENCIA, LAVANDA PROVENCE - 1X200 - 5LT;ESSENCIA FRACIONADA;33029019
020206001;ESSENCIA, LAVANDA SAMPIK - 1X1000 - 1KG;ESSENCIA FRACIONADA;33029019
020200041;ESSENCIA, LAVANDA SAMPIK - 1X1000 - 5KG;ESSENCIA FRACIONADA;33029019
020200035;ESSENCIA, LAVANDA SAMPIK - 1X200 HS - 100ML;ESSENCIA FRACIONADA;33029019
0202000070;ESSENCIA, LAVANDA SAMPIK - 1X200 HS - 100ML CX20;ESSENCIA FRACIONADA;33029019
020200036;ESSENCIA, LAVANDA SAMPIK - 1X200 HS - 1LT;ESSENCIA FRACIONADA;33029019
020200034;ESSENCIA, LAVANDA SAMPIK - 1X200 HS - 500ML;ESSENCIA FRACIONADA;33029019
020200038;ESSENCIA, LAVANDA SAMPIK - 1X200 HS - 5LT;ESSENCIA FRACIONADA;33029019
02027563;ESSENCIA, LAVANDA WORD - 1X1000 - 1KG;ESSENCIA FRACIONADA;33029019
02026365;ESSENCIA, LAVANDA WORD - 1X1000 - 5KG;ESSENCIA FRACIONADA;33029019
02026595;ESSENCIA, LAVANDA WORD - 1X200 HS - 100ML;ESSENCIA FRACIONADA;33029019
0202000071;ESSENCIA, LAVANDA WORD - 1X200 HS - 100ML CX20;ESSENCIA FRACIONADA;33029019
02024569;ESSENCIA, LAVANDA WORD - 1X200 HS - 1LT;ESSENCIA FRACIONADA;33029019
02026584;ESSENCIA, LAVANDA WORD - 1X200 HS - 500ML;ESSENCIA FRACIONADA;33029019
02021368;ESSENCIA, LAVANDA WORD - 1X200 HS - 5LT;ESSENCIA FRACIONADA;33029019
0202000128;ESSENCIA, LELIS - 1X1000 - 1KG;ESSENCIA FRACIONADA;33029019
0202000151;ESSENCIA, LELIS - 1X1000 - 5KG;ESSENCIA FRACIONADA;33029019
0202000227;ESSENCIA, LELIS - 1X200 HS - 100ML;ESSENCIA FRACIONADA;33029019
0202000234;ESSENCIA, LELIS - 1X200 HS - 100ML CX20;ESSENCIA FRACIONADA;33029019
0202000241;ESSENCIA, LELIS - 1X200 HS - 1LT;ESSENCIA FRACIONADA;33029019
0202000248;ESSENCIA, LELIS - 1X200 HS - 500ML;ESSENCIA FRACIONADA;33029019
0202000255;ESSENCIA, LELIS - 1X200 HS - 5LT;ESSENCIA FRACIONADA;33029019
020291228;ESSENCIA, LIMA LIMAO - 1X1000 - 1KG;ESSENCIA FRACIONADA;33029019
020291227;ESSENCIA, LIMA LIMAO - 1X1000 - 5KG;ESSENCIA FRACIONADA;33029019
02029654;ESSENCIA, LIMA LIMAO - 1X200 HS - 100ML;ESSENCIA FRACIONADA;33029019
0202000072;ESSENCIA, LIMA LIMAO - 1X200 HS - 100ML CX20;ESSENCIA FRACIONADA;33029019
02025704;ESSENCIA, LIMA LIMAO - 1X200 HS - 1LT;ESSENCIA FRACIONADA;33029019
02029990;ESSENCIA, LIMA LIMAO - 1X200 HS - 500ML;ESSENCIA FRACIONADA;33029019
020291226;ESSENCIA, LIMA LIMAO - 1X200 HS - 5LT;ESSENCIA FRACIONADA;33029019
020291230;ESSENCIA, LIMAO - 1X1000 - 1KG;ESSENCIA FRACIONADA;33029019
020291231;ESSENCIA, LIMAO - 1X1000 - 5KG;ESSENCIA FRACIONADA;33029019
02023523;ESSENCIA, LIMAO - 1X200 - 100ML;ESSENCIA FRACIONADA;33029019
0202000073;ESSENCIA, LIMAO - 1X200 - 100ML CX20;ESSENCIA FRACIONADA;33029019
02024646;ESSENCIA, LIMAO - 1X200 - 1LT;ESSENCIA FRACIONADA;33029019
02024929;ESSENCIA, LIMAO - 1X200 - 500ML;ESSENCIA FRACIONADA;33029019
020291229;ESSENCIA, LIMAO - 1X200 - 5LT;ESSENCIA FRACIONADA;33029019
0202000442;ESSENCIA, LIMAO MAX - 1LT;ESSENCIA FRACIONADA;33029019
02030023;ESSENCIA, LOVE - 1X1000 - 1KG;ESSENCIA FRACIONADA;33029019
02050023;ESSENCIA, LOVE - 1X1000 - 5KG;ESSENCIA FRACIONADA;33029019
02110023;ESSENCIA, LOVE - 1X200 - 100ML;ESSENCIA FRACIONADA;33029019
02210023;ESSENCIA, LOVE - 1X200 - 100ML CX20;ESSENCIA FRACIONADA;33029019
02070023;ESSENCIA, LOVE - 1X200 - 1LT;ESSENCIA FRACIONADA;33029019
02130023;ESSENCIA, LOVE - 1X200 - 500ML;ESSENCIA FRACIONADA;33029019
02090023;ESSENCIA, LOVE - 1X200 - 5LT;ESSENCIA FRACIONADA;33029019
0202000353;ESSENCIA, LOVESPELL - 1X1000 - 10ML;ESSENCIA FRACIONADA;33029019
0202000356;ESSENCIA, LOVESPELL - 1X1000 - 1KG;ESSENCIA FRACIONADA;33029019
0202000359;ESSENCIA, LOVESPELL - 1X1000 - 5KG;ESSENCIA FRACIONADA;33029019
0202000362;ESSENCIA, LOVESPELL - 1X200 - 100ML;ESSENCIA FRACIONADA;33029019
0202000365;ESSENCIA, LOVESPELL - 1X200 - 100ML CX20;ESSENCIA FRACIONADA;33029019
0202000368;ESSENCIA, LOVESPELL - 1X200 - 1LT;ESSENCIA FRACIONADA;33029019
0202000371;ESSENCIA, LOVESPELL - 1X200 - 500ML;ESSENCIA FRACIONADA;33029019
0202000374;ESSENCIA, LOVESPELL - 1X200 - 5LT;ESSENCIA FRACIONADA;33029019
020291234;ESSENCIA, LUX PLUS - 1X1000 - 1KG;ESSENCIA FRACIONADA;33029019
020291233;ESSENCIA, LUX PLUS - 1X1000 - 5KG;ESSENCIA FRACIONADA;33029019
02021013;ESSENCIA, LUX PLUS - 1X200 HS - 100ML;ESSENCIA FRACIONADA;33029019
0202000074;ESSENCIA, LUX PLUS - 1X200 HS - 100ML CX20;ESSENCIA FRACIONADA;33029019
02021015;ESSENCIA, LUX PLUS - 1X200 HS - 1LT;ESSENCIA FRACIONADA;33029019
02021014;ESSENCIA, LUX PLUS - 1X200 HS - 500ML;ESSENCIA FRACIONADA;33029019
020291232;ESSENCIA, LUX PLUS - 1X200 HS - 5LT;ESSENCIA FRACIONADA;33029019
02030024;ESSENCIA, LYLY - 1X1000 - 1KG;ESSENCIA FRACIONADA;33029019
02050024;ESSENCIA, LYLY - 1X1000 - 5KG;ESSENCIA FRACIONADA;33029019
02110024;ESSENCIA, LYLY - 1X200 - 100ML;ESSENCIA FRACIONADA;33029019
02210024;ESSENCIA, LYLY - 1X200 - 100ML CX20;ESSENCIA FRACIONADA;33029019
02070024;ESSENCIA, LYLY - 1X200 - 1LT;ESSENCIA FRACIONADA;33029019
02130024;ESSENCIA, LYLY - 1X200 - 500ML;ESSENCIA FRACIONADA;33029019
02090024;ESSENCIA, LYLY - 1X200 - 5LT;ESSENCIA FRACIONADA;33029019
02030025;ESSENCIA, MACA COM CANELA- 1X1000 - 1KG;ESSENCIA FRACIONADA;33029019
02050025;ESSENCIA, MACA COM CANELA - 1X1000 - 5KG;ESSENCIA FRACIONADA;33029019
02110025;ESSENCIA, MACA COM CANELA - 1X200 - 100ML;ESSENCIA FRACIONADA;33029019
02210025;ESSENCIA, MACA COM CANELA - 1X200 - 100ML CX20;ESSENCIA FRACIONADA;33029019
02070025;ESSENCIA, MACA COM CANELA - 1X200 - 1LT;ESSENCIA FRACIONADA;33029019
02130025;ESSENCIA, MACA COM CANELA - 1X200 - 500ML;ESSENCIA FRACIONADA;33029019
02090025;ESSENCIA, MACA COM CANELA - 1X200 - 5LT;ESSENCIA FRACIONADA;33029019
020291236;ESSENCIA, MACA VERDE - 1X1000 - 1KG;ESSENCIA FRACIONADA;33029019
020291237;ESSENCIA, MACA VERDE - 1X1000 - 5KG;ESSENCIA FRACIONADA;33029019
02022908;ESSENCIA, MACA VERDE - 1X200 - 100ML;ESSENCIA FRACIONADA;33029019
0202000075;ESSENCIA, MACA VERDE - 1X200 - 100ML CX20;ESSENCIA FRACIONADA;33029019
02024250;ESSENCIA, MACA VERDE - 1X200 - 1LT;ESSENCIA FRACIONADA;33029019
02026905;ESSENCIA, MACA VERDE - 1X200 - 500ML;ESSENCIA FRACIONADA;33029019
020291235;ESSENCIA, MACA VERDE - 1X200 - 5LT;ESSENCIA FRACIONADA;33029019
020291240;ESSENCIA, MACA VERMELHA - 1X1000 - 1KG;ESSENCIA FRACIONADA;33029019
020291241;ESSENCIA, MACA VERMELHA - 1X1000 - 5KG;ESSENCIA FRACIONADA;33029019
02023865;ESSENCIA, MACA VERMELHA - 1X200 - 100ML;ESSENCIA FRACIONADA;33029019
0202000076;ESSENCIA, MACA VERMELHA - 1X200 - 100ML CX20;ESSENCIA FRACIONADA;33029019
02020278;ESSENCIA, MACA VERMELHA - 1X200 - 1LT;ESSENCIA FRACIONADA;33029019
02028680;ESSENCIA, MACA VERMELHA - 1X200 - 500ML;ESSENCIA FRACIONADA;33029019
020291239;ESSENCIA, MACA VERMELHA - 1X200 - 5LT;ESSENCIA FRACIONADA;33029019
0202000441;ESSENCIA, MACA VERMELHA MAX - 1LT;ESSENCIA FRACIONADA;33029019
02030026;ESSENCIA, MACADAMIA - 1X1000 - 1KG;ESSENCIA FRACIONADA;33029019
02050026;ESSENCIA, MACADAMIA - 1X1000 - 5KG;ESSENCIA FRACIONADA;33029019
02110026;ESSENCIA, MACADAMIA - 1X200 - 100ML;ESSENCIA FRACIONADA;33029019
02210026;ESSENCIA, MACADAMIA - 1X200 - 100ML CX20;ESSENCIA FRACIONADA;33029019
02070026;ESSENCIA, MACADAMIA - 1X200 - 1LT;ESSENCIA FRACIONADA;33029019
02130026;ESSENCIA, MACADAMIA - 1X200 - 500ML;ESSENCIA FRACIONADA;33029019
02090026;ESSENCIA, MACADAMIA - 1X200 - 5LT;ESSENCIA FRACIONADA;33029019
02030045;ESSENCIA, MACADAMIA COM FRUTAS - 1X1000 - 1KG;ESSENCIA FRACIONADA;33029019
02050045;ESSENCIA, MACADAMIA COM FRUTAS - 1X1000 - 5KG;ESSENCIA FRACIONADA;33029019
02110045;ESSENCIA, MACADAMIA COM FRUTAS - 1X200 - 100ML;ESSENCIA FRACIONADA;33029019
02210045;ESSENCIA, MACADAMIA COM FRUTAS - 1X200 - 100ML CX20;ESSENCIA FRACIONADA;33029019
02070045;ESSENCIA, MACADAMIA COM FRUTAS - 1X200 - 1LT;ESSENCIA FRACIONADA;33029019
02130045;ESSENCIA, MACADAMIA COM FRUTAS - 1X200 - 500ML;ESSENCIA FRACIONADA;33029019
02090045;ESSENCIA, MACADAMIA COM FRUTAS - 1X200 - 5LT;ESSENCIA FRACIONADA;33029019
02030027;ESSENCIA, MADEIRA LUXO - 1X1000 - 1KG;ESSENCIA FRACIONADA;33029019
02050027;ESSENCIA, MADEIRA LUXO - 1X1000 - 5KG;ESSENCIA FRACIONADA;33029019
02110027;ESSENCIA, MADEIRA LUXO - 1X200 - 100ML;ESSENCIA FRACIONADA;33029019
02210027;ESSENCIA, MADEIRA LUXO - 1X200 - 100ML CX20;ESSENCIA FRACIONADA;33029019
02070027;ESSENCIA, MADEIRA LUXO - 1X200 - 1LT;ESSENCIA FRACIONADA;33029019
02130027;ESSENCIA, MADEIRA LUXO - 1X200 - 500ML;ESSENCIA FRACIONADA;33029019
02090027;ESSENCIA, MADEIRA LUXO - 1X200 - 5LT;ESSENCIA FRACIONADA;33029019
020291243;ESSENCIA, MALBEKE - 1X1000 - 1KG;ESSENCIA FRACIONADA;33029019
020291244;ESSENCIA, MALBEKE - 1X1000 - 5KG;ESSENCIA FRACIONADA;33029019
02021004;ESSENCIA, MALBEKE - 1X200 HS - 100ML;ESSENCIA FRACIONADA;33029019
0202000077;ESSENCIA, MALBEKE - 1X200 HS - 100ML CX20;ESSENCIA FRACIONADA;33029019
02021006;ESSENCIA, MALBEKE - 1X200 HS - 1LT;ESSENCIA FRACIONADA;33029019
02021005;ESSENCIA, MALBEKE - 1X200 HS - 500ML;ESSENCIA FRACIONADA;33029019
020291242;ESSENCIA, MALBEKE - 1X200 HS - 5LT;ESSENCIA FRACIONADA;33029019
020291245;ESSENCIA, MALICIA - 1X1000 - 1KG;ESSENCIA FRACIONADA;33029019
020291246;ESSENCIA, MALICIA - 1X1000 - 5KG;ESSENCIA FRACIONADA;33029019
02023739;ESSENCIA, MALICIA - 1X200 - 100ML;ESSENCIA FRACIONADA;33029019
0202000009;ESSENCIA, MALICIA - 1X200 - 100ML CX20;ESSENCIA FRACIONADA;33029019
02025084;ESSENCIA, MALICIA - 1X200 - 1LT;ESSENCIA FRACIONADA;33029019
02027197;ESSENCIA, MALICIA - 1X200 - 500ML;ESSENCIA FRACIONADA;33029019
02029145;ESSENCIA, MALICIA - 1X200 - 5LT;ESSENCIA FRACIONADA;33029019
020291248;ESSENCIA, MAMAE BABY - 1X1000 - 1KG;ESSENCIA FRACIONADA;33029019
020291249;ESSENCIA, MAMAE BABY - 1X1000 - 5KG;ESSENCIA FRACIONADA;33029019
02021016;ESSENCIA, MAMAE BABY - 1X200 - 100ML;ESSENCIA FRACIONADA;33029019
0202000078;ESSENCIA, MAMAE BABY - 1X200 - 100ML CX20;ESSENCIA FRACIONADA;33029019
02021018;ESSENCIA, MAMAE BABY - 1X200 - 1LT;ESSENCIA FRACIONADA;33029019
02021017;ESSENCIA, MAMAE BABY - 1X200 - 500ML;ESSENCIA FRACIONADA;33029019
020291247;ESSENCIA, MAMAE BABY - 1X200 - 5LT;ESSENCIA FRACIONADA;33029019
02030028;ESSENCIA, MARACUJA - 1X1000 - 1KG;ESSENCIA FRACIONADA;33029019
02050028;ESSENCIA, MARACUJA - 1X1000 - 5KG;ESSENCIA FRACIONADA;33029019
02110028;ESSENCIA, MARACUJA - 1X200 - 100ML;ESSENCIA FRACIONADA;33029019
02210028;ESSENCIA, MARACUJA - 1X200 - 100ML CX20;ESSENCIA FRACIONADA;33029019
02070028;ESSENCIA, MARACUJA - 1X200 - 1LT;ESSENCIA FRACIONADA;33029019
02130028;ESSENCIA, MARACUJA - 1X200 - 500ML;ESSENCIA FRACIONADA;33029019
02090028;ESSENCIA, MARACUJA - 1X200 - 5LT;ESSENCIA FRACIONADA;33029019
02030049;ESSENCIA, MAREAH - 1X1000 - 1KG;ESSENCIA FRACIONADA;33029019
02050049;ESSENCIA, MAREAH - 1X1000 - 5KG;ESSENCIA FRACIONADA;33029019
02110049;ESSENCIA, MAREAH - 1X200 - 100ML;ESSENCIA FRACIONADA;33029019
02210049;ESSENCIA, MAREAH - 1X200 - 100ML CX20;ESSENCIA FRACIONADA;33029019
02070049;ESSENCIA, MAREAH - 1X200 - 1LT;ESSENCIA FRACIONADA;33029019
02130049;ESSENCIA, MAREAH - 1X200 - 500ML;ESSENCIA FRACIONADA;33029019
02090049;ESSENCIA, MAREAH - 1X200 - 5LT;ESSENCIA FRACIONADA;33029019
02028648;ESSENCIA, MARINER - 1X1000 - 1KG;ESSENCIA FRACIONADA;33029019
02026102;ESSENCIA, MARINER - 1X1000 - 5KG;ESSENCIA FRACIONADA;33029019
020200037;ESSENCIA, MARINER - 1X200 HS - 100ML;ESSENCIA FRACIONADA;33029019
0202000079;ESSENCIA, MARINER - 1X200 HS - 100ML CX20;ESSENCIA FRACIONADA;33029019
020200044;ESSENCIA, MARINER - 1X200 HS - 1LT;ESSENCIA FRACIONADA;33029019
020200042;ESSENCIA, MARINER - 1X200 HS - 500ML;ESSENCIA FRACIONADA;33029019
02022947;ESSENCIA, MARINER - 1X200 HS - 5LT;ESSENCIA FRACIONADA;33029019
0202000445;ESSENCIA, MARINER MAX - 1LT;ESSENCIA FRACIONADA;33029019
0202000309;ESSENCIA, MEL - 1X1000 - 10ML;ESSENCIA FRACIONADA;33029019
0202000315;ESSENCIA, MEL - 1X1000 - 1KG;ESSENCIA FRACIONADA;33029019
0202000320;ESSENCIA, MEL - 1X1000 - 5KG;ESSENCIA FRACIONADA;33029019
0202000328;ESSENCIA, MEL - 1X200 - 100ML;ESSENCIA FRACIONADA;33029019
0202000333;ESSENCIA, MEL - 1X200 - 100ML CX20;ESSENCIA FRACIONADA;33029019
0202000339;ESSENCIA, MEL - 1X200 - 1LT;ESSENCIA FRACIONADA;33029019
0202000345;ESSENCIA, MEL - 1X200 - 500ML;ESSENCIA FRACIONADA;33029019
0202000350;ESSENCIA, MEL - 1X200 - 5LT;ESSENCIA FRACIONADA;33029019
0202000129;ESSENCIA, MELANCIA - 1X1000 - 1KG;ESSENCIA FRACIONADA;33029019
0202000152;ESSENCIA, MELANCIA - 1X1000 - 5KG;ESSENCIA FRACIONADA;33029019
0202000228;ESSENCIA, MELANCIA - 1X200 HS - 100ML;ESSENCIA FRACIONADA;33029019
0202000235;ESSENCIA, MELANCIA - 1X200 HS - 100ML CX20;ESSENCIA FRACIONADA;33029019
0202000242;ESSENCIA, MELANCIA - 1X200 HS - 1LT;ESSENCIA FRACIONADA;33029019
0202000249;ESSENCIA, MELANCIA - 1X200 HS - 500ML;ESSENCIA FRACIONADA;33029019
0202000256;ESSENCIA, MELANCIA - 1X200 HS - 5LT;ESSENCIA FRACIONADA;33029019
0202000130;ESSENCIA, MELANCIA&CHAMPAG&FRAMBO - 1X1000 - 1KG;ESSENCIA FRACIONADA;33029019
0202000153;ESSENCIA, MELANCIA&CHAMPAG&FRAMBO - 1X1000 - 5KG;ESSENCIA FRACIONADA;33029019
0202000229;ESSENCIA, MELANCIA&CHAMPAG&FRAMBO - 1X200 HS - 100ML;ESSENCIA FRACIONADA;33029019
0202000236;ESSENCIA, MELANCIA&CHAMPAG&FRAMBO - 1X200 HS - 100ML CX20;ESSENCIA FRACIONADA;33029019
0202000243;ESSENCIA, MELANCIA&CHAMPAG&FRAMBO - 1X200 HS - 1LT;ESSENCIA FRACIONADA;33029019
0202000250;ESSENCIA, MELANCIA&CHAMPAG&FRAMBO - 1X200 HS - 500ML;ESSENCIA FRACIONADA;33029019
0202000257;ESSENCIA, MELANCIA&CHAMPAG&FRAMBO - 1X200 HS - 5LT;ESSENCIA FRACIONADA;33029019
02030021;ESSENCIA, MENTA - 1X1000 - 1KG;ESSENCIA FRACIONADA;33029019
02050021;ESSENCIA, MENTA - 1X1000 - 5KG;ESSENCIA FRACIONADA;33029019
02110021;ESSENCIA, MENTA - 1X200 - 100ML;ESSENCIA FRACIONADA;33029019
02210021;ESSENCIA, MENTA - 1X200 - 100ML CX20;ESSENCIA FRACIONADA;33029019
02070021;ESSENCIA, MENTA - 1X200 - 1LT;ESSENCIA FRACIONADA;33029019
02130021;ESSENCIA, MENTA - 1X200 - 500ML;ESSENCIA FRACIONADA;33029019
02090021;ESSENCIA, MENTA - 1X200 - 5LT;ESSENCIA FRACIONADA;33029019
02030029;ESSENCIA, MERENGUE MORANGO - 1X1000 - 1KG;ESSENCIA FRACIONADA;33029019
02050029;ESSENCIA, MERENGUE MORANGO - 1X1000 - 5KG;ESSENCIA FRACIONADA;33029019
02110029;ESSENCIA, MERENGUE MORANGO - 1X200 - 100ML;ESSENCIA FRACIONADA;33029019
02210029;ESSENCIA, MERENGUE MORANGO - 1X200 - 100ML CX20;ESSENCIA FRACIONADA;33029019
02070029;ESSENCIA, MERENGUE MORANGO - 1X200 - 1LT;ESSENCIA FRACIONADA;33029019
02130029;ESSENCIA, MERENGUE MORANGO - 1X200 - 500ML;ESSENCIA FRACIONADA;33029019
02090029;ESSENCIA, MERENGUE MORANGO - 1X200 - 5LT;ESSENCIA FRACIONADA;33029019
02022088;ESSENCIA, MIL FLORES - 1X100 - 100ML;ESSENCIA FRACIONADA;33029019
0202000080;ESSENCIA, MIL FLORES - 1X100 - 100ML CX20;ESSENCIA FRACIONADA;33029019
02021952;ESSENCIA, MIL FLORES - 1X100 - 1LT;ESSENCIA FRACIONADA;33029019
02026237;ESSENCIA, MIL FLORES - 1X100 - 500ML;ESSENCIA FRACIONADA;33029019
020291250;ESSENCIA, MIL FLORES - 1X100 - 5LT;ESSENCIA FRACIONADA;33029019
02030042;ESSENCIA, MIRRA - 1X1000 - 1KG;ESSENCIA FRACIONADA;33029019
02050042;ESSENCIA, MIRRA - 1X1000 - 5KG;ESSENCIA FRACIONADA;33029019
02110042;ESSENCIA, MIRRA - 1X200 - 100ML;ESSENCIA FRACIONADA;33029019
02210042;ESSENCIA, MIRRA - 1X200 - 100ML CX20;ESSENCIA FRACIONADA;33029019
02070042;ESSENCIA, MIRRA - 1X200 - 1LT;ESSENCIA FRACIONADA;33029019
02130042;ESSENCIA, MIRRA - 1X200 - 500ML;ESSENCIA FRACIONADA;33029019
02090042;ESSENCIA, MIRRA - 1X200 - 5LT;ESSENCIA FRACIONADA;33029019
0202000131;ESSENCIA, MOMBIJU - 1X1000 - 1KG;ESSENCIA FRACIONADA;33029019
0202000154;ESSENCIA, MOMBIJU - 1X1000 - 5KG;ESSENCIA FRACIONADA;33029019
0202000230;ESSENCIA, MOMBIJU - 1X200 - 100ML;ESSENCIA FRACIONADA;33029019
0202000237;ESSENCIA, MOMBIJU - 1X200 - 100ML CX20;ESSENCIA FRACIONADA;33029019
0202000244;ESSENCIA, MOMBIJU - 1X200 - 1LT;ESSENCIA FRACIONADA;33029019
0202000251;ESSENCIA, MOMBIJU - 1X200 - 500ML;ESSENCIA FRACIONADA;33029019
0202000258;ESSENCIA, MOMBIJU - 1X200 - 5LT;ESSENCIA FRACIONADA;33029019
020291253;ESSENCIA, MORANGO - 1X1000 - 1KG;ESSENCIA FRACIONADA;33029019
020291254;ESSENCIA, MORANGO - 1X1000 - 5KG;ESSENCIA FRACIONADA;33029019
02022875;ESSENCIA, MORANGO - 1X200 - 100ML;ESSENCIA FRACIONADA;33029019
0202000082;ESSENCIA, MORANGO - 1X200 - 100ML CX20;ESSENCIA FRACIONADA;33029019
02022555;ESSENCIA, MORANGO - 1X200 - 1LT;ESSENCIA FRACIONADA;33029019
02024895;ESSENCIA, MORANGO - 1X200 - 500ML;ESSENCIA FRACIONADA;33029019
020291252;ESSENCIA, MORANGO - 1X200 - 5LT;ESSENCIA FRACIONADA;33029019
0202000132;ESSENCIA, MORANGO COM CHAMPAGNE - 1X1000 - 1KG;ESSENCIA FRACIONADA;33029019
0202000155;ESSENCIA, MORANGO COM CHAMPAGNE - 1X1000 - 5KG;ESSENCIA FRACIONADA;33029019
0202000231;ESSENCIA, MORANGO COM CHAMPAGNE - 1X200 HS - 100ML;ESSENCIA FRACIONADA;33029019
0202000238;ESSENCIA, MORANGO COM CHAMPAGNE - 1X200 HS - 100ML CX20;ESSENCIA FRACIONADA;33029019
0202000245;ESSENCIA, MORANGO COM CHAMPAGNE - 1X200 HS - 1LT;ESSENCIA FRACIONADA;33029019
0202000252;ESSENCIA, MORANGO COM CHAMPAGNE - 1X200 HS - 500ML;ESSENCIA FRACIONADA;33029019
0202000259;ESSENCIA, MORANGO COM CHAMPAGNE - 1X200 HS - 5LT;ESSENCIA FRACIONADA;33029019
0202000133;ESSENCIA, MORANGO&MARACU&TUTTI - 1X1000 - 1KG;ESSENCIA FRACIONADA;33029019
0202000156;ESSENCIA, MORANGO&MARACU&TUTTI - 1X1000 - 5KG;ESSENCIA FRACIONADA;33029019
0202000232;ESSENCIA, MORANGO&MARACU&TUTTI - 1X200 HS - 100ML;ESSENCIA FRACIONADA;33029019
0202000239;ESSENCIA, MORANGO&MARACU&TUTTI - 1X200 HS - 100ML CX20;ESSENCIA FRACIONADA;33029019
0202000246;ESSENCIA, MORANGO&MARACU&TUTTI - 1X200 HS - 1LT;ESSENCIA FRACIONADA;33029019
0202000253;ESSENCIA, MORANGO&MARACU&TUTTI - 1X200 HS - 500ML;ESSENCIA FRACIONADA;33029019
0202000260;ESSENCIA, MORANGO&MARACU&TUTTI - 1X200 HS - 5LT;ESSENCIA FRACIONADA;33029019
020291256;ESSENCIA, NATURAN - 1X1000 - 1KG;ESSENCIA FRACIONADA;33029019
020291257;ESSENCIA, NATURAN - 1X1000 - 5KG;ESSENCIA FRACIONADA;33029019
02021204;ESSENCIA, NATURAN - 1X200 HS - 100ML;ESSENCIA FRACIONADA;33029019
0202000083;ESSENCIA, NATURAN - 1X200 HS - 100ML CX20;ESSENCIA FRACIONADA;33029019
02029121;ESSENCIA, NATURAN - 1X200 HS - 500ML;ESSENCIA FRACIONADA;33029019
020291255;ESSENCIA, NATURAN - 1X200 HS - 5LT;ESSENCIA FRACIONADA;33029019
020200048;ESSENCIA, NATURAN PLUS - 1X1000 - 1KG;ESSENCIA FRACIONADA;33029019
020206005;ESSENCIA, NATURAN PLUS - 1X1000 - 5KG;ESSENCIA FRACIONADA;33029019
020200039;ESSENCIA, NATURAN PLUS - 1X200 HS - 100ML;ESSENCIA FRACIONADA;33029019
0202000084;ESSENCIA, NATURAN PLUS - 1X200 HS - 100ML CX20;ESSENCIA FRACIONADA;33029019
020200046;ESSENCIA, NATURAN PLUS - 1X200 HS - 1LT;ESSENCIA FRACIONADA;33029019
020200045;ESSENCIA, NATURAN PLUS - 1X200 HS - 500ML;ESSENCIA FRACIONADA;33029019
020200047;ESSENCIA, NATURAN PLUS - 1X200 HS - 5LT;ESSENCIA FRACIONADA;33029019
0202000404;ESSENCIA, NATURAN PLUS MAX - 1LT;ESSENCIA FRACIONADA;33029019
020291301;ESSENCIA, NIVEAN - 1X1000 - 1KG;ESSENCIA FRACIONADA;33029019
020291302;ESSENCIA, NIVEAN - 1X1000 - 5KG;ESSENCIA FRACIONADA;33029019
02024552;ESSENCIA, NIVEAN - 1X200 HS - 100ML;ESSENCIA FRACIONADA;33029019
0202000085;ESSENCIA, NIVEAN - 1X200 HS - 100ML CX20;ESSENCIA FRACIONADA;33029019
02022018;ESSENCIA, NIVEAN - 1X200 HS - 1LT;ESSENCIA FRACIONADA;33029019
02027714;ESSENCIA, NIVEAN - 1X200 HS - 500ML;ESSENCIA FRACIONADA;33029019
020291289;ESSENCIA, NIVEAN - 1X200 HS - 5LT;ESSENCIA FRACIONADA;33029019
0202000310;ESSENCIA, OCEANO - 1X1000 - 10ML;ESSENCIA FRACIONADA;33029019
0202000316;ESSENCIA, OCEANO - 1X1000 - 1KG;ESSENCIA FRACIONADA;33029019
0202000321;ESSENCIA, OCEANO - 1X1000 - 5KG;ESSENCIA FRACIONADA;33029019
0202000327;ESSENCIA, OCEANO - 1X200 - 100ML;ESSENCIA FRACIONADA;33029019
0202000334;ESSENCIA, OCEANO - 1X200 - 100ML CX20;ESSENCIA FRACIONADA;33029019
0202000340;ESSENCIA, OCEANO - 1X200 - 1LT;ESSENCIA FRACIONADA;33029019
0202000346;ESSENCIA, OCEANO - 1X200 - 500ML;ESSENCIA FRACIONADA;33029019
0202000352;ESSENCIA, OCEANO - 1X200 - 5LT;ESSENCIA FRACIONADA;33029019
02030032;ESSENCIA, OSCLEY - 1X1000 - 1KG;ESSENCIA FRACIONADA;33029019
02050032;ESSENCIA, OSCLEY - 1X1000 - 5KG;ESSENCIA FRACIONADA;33029019
02110032;ESSENCIA, OSCLEY - 1X200 - 100ML;ESSENCIA FRACIONADA;33029019
02210032;ESSENCIA, OSCLEY - 1X200 - 100ML CX20;ESSENCIA FRACIONADA;33029019
02070032;ESSENCIA, OSCLEY - 1X200 - 1LT;ESSENCIA FRACIONADA;33029019
02130032;ESSENCIA, OSCLEY - 1X200 - 500ML;ESSENCIA FRACIONADA;33029019
02090032;ESSENCIA, OSCLEY - 1X200 - 5LT;ESSENCIA FRACIONADA;33029019
020291259;ESSENCIA, PALMOLUX - 1X1000 - 1KG;ESSENCIA FRACIONADA;33029019
020291260;ESSENCIA, PALMOLUX - 1X1000 - 5KG;ESSENCIA FRACIONADA;33029019
02023857;ESSENCIA, PALMOLUX - 1X200 HS - 100ML;ESSENCIA FRACIONADA;33029019
0202000090;ESSENCIA, PALMOLUX - 1X200 HS - 100ML CX20;ESSENCIA FRACIONADA;33029019
02023063;ESSENCIA, PALMOLUX - 1X200 HS - 1LT;ESSENCIA FRACIONADA;33029019
02028322;ESSENCIA, PALMOLUX - 1X200 HS - 500ML;ESSENCIA FRACIONADA;33029019
020291258;ESSENCIA, PALMOLUX - 1X200 HS - 5LT;ESSENCIA FRACIONADA;33029019
0202000412;ESSENCIA, PALMOLUX MAX - 1LT;ESSENCIA FRACIONADA;33029019
020200233;ESSENCIA, PALMOLUX PLUS - 1X1000 - 1KG;ESSENCIA FRACIONADA;33029019
020200234;ESSENCIA, PALMOLUX PLUS - 1X1000 - 5KG;ESSENCIA FRACIONADA;33029019
020200230;ESSENCIA, PALMOLUX PLUS - 1X200 HS - 100ML;ESSENCIA FRACIONADA;33029019
0202000089;ESSENCIA, PALMOLUX PLUS - 1X200 HS - 100ML CX20;ESSENCIA FRACIONADA;33029019
020200229;ESSENCIA, PALMOLUX PLUS - 1X200 HS - 1LT;ESSENCIA FRACIONADA;33029019
020200231;ESSENCIA, PALMOLUX PLUS - 1X200 HS - 500ML;ESSENCIA FRACIONADA;33029019
020200232;ESSENCIA, PALMOLUX PLUS - 1X200 HS - 5LT;ESSENCIA FRACIONADA;33029019
0202000447;ESSENCIA, PALMOLUX PLUS MAX - 1LT;ESSENCIA FRACIONADA;33029019
0202000135;ESSENCIA, PATCHOULY - 1X1000 - 1KG;ESSENCIA FRACIONADA;33029019
0202000158;ESSENCIA, PATCHOULY - 1X1000 - 5KG;ESSENCIA FRACIONADA;33029019
0202000262;ESSENCIA, PATCHOULY - 1X200 HS - 100ML;ESSENCIA FRACIONADA;33029019
0202000266;ESSENCIA, PATCHOULY - 1X200 HS - 100ML CX20;ESSENCIA FRACIONADA;33029019
0202000272;ESSENCIA, PATCHOULY - 1X200 HS - 1LT;ESSENCIA FRACIONADA;33029019
0202000275;ESSENCIA, PATCHOULY - 1X200 HS - 500ML;ESSENCIA FRACIONADA;33029019
0202000278;ESSENCIA, PATCHOULY - 1X200 HS - 5LT;ESSENCIA FRACIONADA;33029019
0202000136;ESSENCIA, PESSEGO - 1X1000 - 1KG;ESSENCIA FRACIONADA;33029019
0202000159;ESSENCIA, PESSEGO - 1X1000 - 5KG;ESSENCIA FRACIONADA;33029019
0202000263;ESSENCIA, PESSEGO - 1X200 HS - 100ML;ESSENCIA FRACIONADA;33029019
0202000267;ESSENCIA, PESSEGO - 1X200 HS - 100ML CX20;ESSENCIA FRACIONADA;33029019
0202000273;ESSENCIA, PESSEGO - 1X200 HS - 1LT;ESSENCIA FRACIONADA;33029019
0202000276;ESSENCIA, PESSEGO - 1X200 HS - 500ML;ESSENCIA FRACIONADA;33029019
0202000279;ESSENCIA, PESSEGO - 1X200 HS - 5LT;ESSENCIA FRACIONADA;33029019
020291262;ESSENCIA, PHEBON - 1X1000 - 1KG;ESSENCIA FRACIONADA;33029019
020291263;ESSENCIA, PHEBON - 1X1000 - 5KG;ESSENCIA FRACIONADA;33029019
02026961;ESSENCIA, PHEBON - 1X200 HS - 100ML;ESSENCIA FRACIONADA;33029019
0202000091;ESSENCIA, PHEBON - 1X200 HS - 100ML CX20;ESSENCIA FRACIONADA;33029019
02021704;ESSENCIA, PHEBON - 1X200 HS - 1LT;ESSENCIA FRACIONADA;33029019
02021348;ESSENCIA, PHEBON - 1X200 HS - 500ML;ESSENCIA FRACIONADA;33029019
020291261;ESSENCIA, PHEBON - 1X200 HS - 5LT;ESSENCIA FRACIONADA;33029019
02030033;ESSENCIA, PIMENTA ROSA - 1X1000 - 1KG;ESSENCIA FRACIONADA;33029019
02050033;ESSENCIA, PIMENTA ROSA - 1X1000 - 5KG;ESSENCIA FRACIONADA;33029019
02110033;ESSENCIA, PIMENTA ROSA - 1X200 - 100ML;ESSENCIA FRACIONADA;33029019
02210033;ESSENCIA, PIMENTA ROSA - 1X200 - 100ML CX20;ESSENCIA FRACIONADA;33029019
02070033;ESSENCIA, PIMENTA ROSA - 1X200 - 1LT;ESSENCIA FRACIONADA;33029019
02130033;ESSENCIA, PIMENTA ROSA - 1X200 - 500ML;ESSENCIA FRACIONADA;33029019
02090033;ESSENCIA, PIMENTA ROSA - 1X200 - 5LT;ESSENCIA FRACIONADA;33029019
020291267;ESSENCIA, PINHO CANADENSE - 1X1000 - 1KG;ESSENCIA FRACIONADA;33029019
020291268;ESSENCIA, PINHO CANADENSE - 1X1000 - 5KG;ESSENCIA FRACIONADA;33029019
02021295;ESSENCIA, PINHO CANADENSE - 1X200 HS - 100ML;ESSENCIA FRACIONADA;33029019
0202000092;ESSENCIA, PINHO CANADENSE - 1X200 HS - 100ML CX20;ESSENCIA FRACIONADA;33029019
020291265;ESSENCIA, PINHO CANADENSE - 1X200 HS - 1LT;ESSENCIA FRACIONADA;33029019
020291264;ESSENCIA, PINHO CANADENSE - 1X200 HS - 500ML;ESSENCIA FRACIONADA;33029019
020291266;ESSENCIA, PINHO CANADENSE - 1X200 HS - 5LT;ESSENCIA FRACIONADA;33029019
020206002;ESSENCIA, PINHO LIMAO - 1X1000 - 1KG;ESSENCIA FRACIONADA;33029019
020200175;ESSENCIA, PINHO LIMAO - 1X1000 - 5KG;ESSENCIA FRACIONADA;33029019
020200043;ESSENCIA, PINHO LIMAO - 1X200 HS - 100ML;ESSENCIA FRACIONADA;33029019
0202000093;ESSENCIA, PINHO LIMAO - 1X200 HS - 100ML CX20;ESSENCIA FRACIONADA;33029019
020200176;ESSENCIA, PINHO LIMAO - 1X200 HS - 1LT;ESSENCIA FRACIONADA;33029019
020200177;ESSENCIA, PINHO LIMAO - 1X200 HS - 500ML;ESSENCIA FRACIONADA;33029019
0202100178;ESSENCIA, PINHO LIMAO - 1X200 HS - 5LT;ESSENCIA FRACIONADA;33029019
02021456;ESSENCIA, PITANGA - 1X1000 - 1KG;ESSENCIA FRACIONADA;33029019
02025874;ESSENCIA, PITANGA - 1X1000 - 5KG;ESSENCIA FRACIONADA;33029019
020200080;ESSENCIA, PITANGA - 1X200 HS - 100ML;ESSENCIA FRACIONADA;33029019
0202000094;ESSENCIA, PITANGA - 1X200 HS - 100ML CX20;ESSENCIA FRACIONADA;33029019
02025632;ESSENCIA, PITANGA - 1X200 HS - 1LT;ESSENCIA FRACIONADA;33029019
02021463;ESSENCIA, PITANGA - 1X200 HS - 500ML;ESSENCIA FRACIONADA;33029019
020245632;ESSENCIA, PITANGA - 1X200 HS - 5LT;ESSENCIA FRACIONADA;33029019
02030013;ESSENCIA, PITANGA E AMORA - 1X1000 - 1KG;ESSENCIA FRACIONADA;33029019
02050013;ESSENCIA, PITANGA E AMORA - 1X1000 - 5KG;ESSENCIA FRACIONADA;33029019
02110013;ESSENCIA, PITANGA E AMORA - 1X200 - 100ML;ESSENCIA FRACIONADA;33029019
02210012;ESSENCIA, PITANGA E AMORA - 1X200 - 100ML CX20;ESSENCIA FRACIONADA;33029019
02070012;ESSENCIA, PITANGA E AMORA - 1X200 - 1LT;ESSENCIA FRACIONADA;33029019
02130012;ESSENCIA, PITANGA E AMORA - 1X200 - 500ML;ESSENCIA FRACIONADA;33029019
02090012;ESSENCIA, PITANGA E AMORA - 1X200 - 5LT;ESSENCIA FRACIONADA;33029019
02030035;ESSENCIA, PITANGA PRETA - 1X1000 - 1KG;ESSENCIA FRACIONADA;33029019
02050035;ESSENCIA, PITANGA PRETA - 1X1000 - 5KG;ESSENCIA FRACIONADA;33029019
02110035;ESSENCIA, PITANGA PRETA - 1X200 - 100ML;ESSENCIA FRACIONADA;33029019
02210035;ESSENCIA, PITANGA PRETA - 1X200 - 100ML CX20;ESSENCIA FRACIONADA;33029019
02070035;ESSENCIA, PITANGA PRETA - 1X200 - 1LT;ESSENCIA FRACIONADA;33029019
02130035;ESSENCIA, PITANGA PRETA - 1X200 - 500ML;ESSENCIA FRACIONADA;33029019
02090035;ESSENCIA, PITANGA PRETA - 1X200 - 5LT;ESSENCIA FRACIONADA;33029019
0202000354;ESSENCIA, PITAYA - 1X1000 - 10ML;ESSENCIA FRACIONADA;33029019
0202000357;ESSENCIA, PITAYA - 1X1000 - 1KG;ESSENCIA FRACIONADA;33029019
0202000360;ESSENCIA, PITAYA - 1X1000 - 5KG;ESSENCIA FRACIONADA;33029019
0202000363;ESSENCIA, PITAYA - 1X200 - 100ML;ESSENCIA FRACIONADA;33029019
0202000366;ESSENCIA, PITAYA - 1X200 - 100ML CX20;ESSENCIA FRACIONADA;33029019
0202000369;ESSENCIA, PITAYA - 1X200 - 1LT;ESSENCIA FRACIONADA;33029019
0202000372;ESSENCIA, PITAYA - 1X200 - 500ML;ESSENCIA FRACIONADA;33029019
0202000375;ESSENCIA, PITAYA - 1X200 - 5LT;ESSENCIA FRACIONADA;33029019
020200172;ESSENCIA, RENASCENCIA - 1X1000 - 1KG;ESSENCIA FRACIONADA;33029019
020200173;ESSENCIA, RENASCENCIA - 1X1000 - 5KG;ESSENCIA FRACIONADA;33029019
02024582;ESSENCIA, RENASCENCIA - 1X200 HS - 100ML;ESSENCIA FRACIONADA;33029019
0202000088;ESSENCIA, RENASCENCIA - 1X200 HS - 100ML CX20;ESSENCIA FRACIONADA;33029019
02026836;ESSENCIA, RENASCENCIA - 1X200 HS - 1LT;ESSENCIA FRACIONADA;33029019
02022622;ESSENCIA, RENASCENCIA - 1X200 HS - 500ML;ESSENCIA FRACIONADA;33029019
020200171;ESSENCIA, RENASCENCIA - 1X200 HS - 5LT;ESSENCIA FRACIONADA;33029019
020291271;ESSENCIA, REXON - 1X1000 - 1KG;ESSENCIA FRACIONADA;33029019
020291270;ESSENCIA, REXON - 1X1000 - 5KG;ESSENCIA FRACIONADA;33029019
02023483;ESSENCIA, REXON - 1X200 HS - 100ML;ESSENCIA FRACIONADA;33029019
0202000095;ESSENCIA, REXON - 1X200 HS - 100ML CX20;ESSENCIA FRACIONADA;33029019
02025584;ESSENCIA, REXON - 1X200 HS - 1LT;ESSENCIA FRACIONADA;33029019
02028990;ESSENCIA, REXON - 1X200 HS - 500ML;ESSENCIA FRACIONADA;33029019
020291269;ESSENCIA, REXON - 1X200 HS - 5LT;ESSENCIA FRACIONADA;33029019
02030036;ESSENCIA, SANDALO - 1X1000 - 1KG;ESSENCIA FRACIONADA;33029019
02050036;ESSENCIA, SANDALO - 1X1000 - 5KG;ESSENCIA FRACIONADA;33029019
02110036;ESSENCIA, SANDALO - 1X200 - 100ML;ESSENCIA FRACIONADA;33029019
02210036;ESSENCIA, SANDALO - 1X200 - 100ML CX20;ESSENCIA FRACIONADA;33029019
02070036;ESSENCIA, SANDALO - 1X200 - 1LT;ESSENCIA FRACIONADA;33029019
02130036;ESSENCIA, SANDALO - 1X200 - 500ML;ESSENCIA FRACIONADA;33029019
02090036;ESSENCIA, SANDALO - 1X200 - 5LT;ESSENCIA FRACIONADA;33029019
02030030;ESSENCIA, SILVER CENT - 1X1000 - 1KG;ESSENCIA FRACIONADA;33029019
02050030;ESSENCIA, SILVER CENT - 1X1000 - 5KG;ESSENCIA FRACIONADA;33029019
02110030;ESSENCIA, SILVER CENT - 1X200 - 100ML;ESSENCIA FRACIONADA;33029019
02210030;ESSENCIA, SILVER CENT - 1X200 - 100ML CX20;ESSENCIA FRACIONADA;33029019
02070030;ESSENCIA, SILVER CENT - 1X200 - 1LT;ESSENCIA FRACIONADA;33029019
02130030;ESSENCIA, SILVER CENT - 1X200 - 500ML;ESSENCIA FRACIONADA;33029019
02090030;ESSENCIA, SILVER CENT - 1X200 - 5LT;ESSENCIA FRACIONADA;33029019
020291277;ESSENCIA, STILETO - 1X1000 - 1KG;ESSENCIA FRACIONADA;33029019
020291278;ESSENCIA, STILETO - 1X1000 - 5KG;ESSENCIA FRACIONADA;33029019
02021019;ESSENCIA, STILETO - 1X200 HS - 100ML;ESSENCIA FRACIONADA;33029019
0202000097;ESSENCIA, STILETO - 1X200 HS - 100ML CX20;ESSENCIA FRACIONADA;33029019
02021021;ESSENCIA, STILETO - 1X200 HS - 1LT;ESSENCIA FRACIONADA;33029019
02021020;ESSENCIA, STILETO - 1X200 HS - 500ML;ESSENCIA FRACIONADA;33029019
020291276;ESSENCIA, STILETO - 1X200 HS - 5LT;ESSENCIA FRACIONADA;33029019
0202000400;ESSENCIA, STILETO MAX - 1LT;ESSENCIA FRACIONADA;33029019
02021489;ESSENCIA, SUNNY FRESH - 1X1000 - 1KG;ESSENCIA FRACIONADA;33029019
02022564;ESSENCIA, SUNNY FRESH - 1X1000 - 5KG;ESSENCIA FRACIONADA;33029019
0202456;ESSENCIA, SUNNY FRESH - 1X200 HS - 100ML;ESSENCIA FRACIONADA;33029019
0202000098;ESSENCIA, SUNNY FRESH - 1X200 HS - 100ML CX20;ESSENCIA FRACIONADA;33029019
02026398;ESSENCIA, SUNNY FRESH - 1X200 HS - 1LT;ESSENCIA FRACIONADA;33029019
02023695;ESSENCIA, SUNNY FRESH - 1X200 HS - 500ML;ESSENCIA FRACIONADA;33029019
02026368;ESSENCIA, SUNNY FRESH - 1X200 HS - 5LT;ESSENCIA FRACIONADA;33029019
020291280;ESSENCIA, TALCO CHINES (JJ) - 1X1000 - 1KG;ESSENCIA FRACIONADA;33029019
020291281;ESSENCIA, TALCO CHINES (JJ) - 1X1000 - 5KG;ESSENCIA FRACIONADA;33029019
02022850;ESSENCIA, TALCO CHINES (JJ) - 1X200 HS - 100ML;ESSENCIA FRACIONADA;33029019
0202000099;ESSENCIA, TALCO CHINES (JJ) - 1X200 HS - 100ML CX20;ESSENCIA FRACIONADA;33029019
02022269;ESSENCIA, TALCO CHINES (JJ) - 1X200 HS - 1LT;ESSENCIA FRACIONADA;33029019
02023808;ESSENCIA, TALCO CHINES (JJ) - 1X200 HS - 500ML;ESSENCIA FRACIONADA;33029019
020291279;ESSENCIA, TALCO CHINES (JJ) - 1X200 HS - 5LT;ESSENCIA FRACIONADA;33029019
0202000410;ESSENCIA, TALCO CHINES MAX - 1LT;ESSENCIA FRACIONADA;33029019
02021478;ESSENCIA, TALCO CREME - 1X1000 - 1KG;ESSENCIA FRACIONADA;33029019
02026324;ESSENCIA, TALCO CREME - 1X1000 - 5KG;ESSENCIA FRACIONADA;33029019
02026370;ESSENCIA, TALCO CREME - 1X200 HS - 100ML;ESSENCIA FRACIONADA;33029019
0202000100;ESSENCIA, TALCO CREME - 1X200 HS - 100ML CX20;ESSENCIA FRACIONADA;33029019
02026753;ESSENCIA, TALCO CREME - 1X200 HS - 1LT;ESSENCIA FRACIONADA;33029019
02023579;ESSENCIA, TALCO CREME - 1X200 HS - 500ML;ESSENCIA FRACIONADA;33029019
02024563;ESSENCIA, TALCO CREME - 1X200 HS - 5LT;ESSENCIA FRACIONADA;33029019
020200185;ESSENCIA, TALCO ORIENTAL - 1X1000 - 1KG;ESSENCIA FRACIONADA;33029019
020200186;ESSENCIA, TALCO ORIENTAL - 1X1000 - 5KG;ESSENCIA FRACIONADA;33029019
020200184;ESSENCIA, TALCO ORIENTAL - 1X200 HS - 100ML;ESSENCIA FRACIONADA;33029019
0202000101;ESSENCIA, TALCO ORIENTAL - 1X200 HS - 100ML CX20;ESSENCIA FRACIONADA;33029019
020200183;ESSENCIA, TALCO ORIENTAL - 1X200 HS - 1LT;ESSENCIA FRACIONADA;33029019
020200182;ESSENCIA, TALCO ORIENTAL - 1X200 HS - 500ML;ESSENCIA FRACIONADA;33029019
020200181;ESSENCIA, TALCO ORIENTAL - 1X200 HS - 5LT;ESSENCIA FRACIONADA;33029019
020291283;ESSENCIA, TALCO POMPOM - 1X1000 - 1KG;ESSENCIA FRACIONADA;33029019
020291284;ESSENCIA, TALCO POMPOM - 1X1000 - 5KG;ESSENCIA FRACIONADA;33029019
02026374;ESSENCIA, TALCO POMPOM - 1X200 HS - 100ML;ESSENCIA FRACIONADA;33029019
0202000102;ESSENCIA, TALCO POMPOM - 1X200 HS - 100ML CX20;ESSENCIA FRACIONADA;33029019
02027793;ESSENCIA, TALCO POMPOM - 1X200 HS - 1LT;ESSENCIA FRACIONADA;33029019
02025984;ESSENCIA, TALCO POMPOM - 1X200 HS - 500ML;ESSENCIA FRACIONADA;33029019
020291292;ESSENCIA, TALCO POMPOM - 1X200 HS - 5LT;ESSENCIA FRACIONADA;33029019
0202000397;ESSENCIA, TALCO POMPOM MAX - 1LT;ESSENCIA FRACIONADA;33029019
020206008;ESSENCIA, TITANIC - 1X1000 - 1KG;ESSENCIA FRACIONADA;33029019
020200081;ESSENCIA, TITANIC - 1X1000 - 5KG;ESSENCIA FRACIONADA;33029019
020200049;ESSENCIA, TITANIC - 1X200 HS - 100ML;ESSENCIA FRACIONADA;33029019
0202000103;ESSENCIA, TITANIC - 1X200 HS - 100ML CX20;ESSENCIA FRACIONADA;33029019
020200189;ESSENCIA, TITANIC - 1X200 HS - 1LT;ESSENCIA FRACIONADA;33029019
020200188;ESSENCIA, TITANIC - 1X200 HS - 500ML;ESSENCIA FRACIONADA;33029019
020200190;ESSENCIA, TITANIC - 1X200 HS - 5LT;ESSENCIA FRACIONADA;33029019
0202000437;ESSENCIA, TITANIC MAX - 1LT;ESSENCIA FRACIONADA;33029019
02027456;ESSENCIA, TOPFLOR - 1X1000 - 1KG;ESSENCIA FRACIONADA;33029019
02027412;ESSENCIA, TOPFLOR - 1X1000 - 5KG;ESSENCIA FRACIONADA;33029019
0202111;ESSENCIA, TOPFLOR - 1X200 HS - 100ML;ESSENCIA FRACIONADA;33029019
0202000104;ESSENCIA, TOPFLOR - 1X200 HS - 100ML CX20;ESSENCIA FRACIONADA;33029019
0202112;ESSENCIA, TOPFLOR - 1X200 HS - 1LT;ESSENCIA FRACIONADA;33029019
0202113;ESSENCIA, TOPFLOR - 1X200 HS - 500ML;ESSENCIA FRACIONADA;33029019
0202114;ESSENCIA, TOPFLOR - 1X200 HS - 5LT;ESSENCIA FRACIONADA;33029019
02030038;ESSENCIA, TROUSSARD - 1X1000 - 1KG;ESSENCIA FRACIONADA;33029019
02050038;ESSENCIA, TROUSSARD - 1X1000 - 5KG;ESSENCIA FRACIONADA;33029019
02110038;ESSENCIA, TROUSSARD - 1X200 - 100ML;ESSENCIA FRACIONADA;33029019
02210038;ESSENCIA, TROUSSARD - 1X200 - 100ML CX20;ESSENCIA FRACIONADA;33029019
02070038;ESSENCIA, TROUSSARD - 1X200 - 1LT;ESSENCIA FRACIONADA;33029019
02130038;ESSENCIA, TROUSSARD - 1X200 - 500ML;ESSENCIA FRACIONADA;33029019
02090038;ESSENCIA, TROUSSARD - 1X200 - 5LT;ESSENCIA FRACIONADA;33029019
020291287;ESSENCIA, TUTTI FRUIT - 1X1000 - 1KG;ESSENCIA FRACIONADA;33029019
020291288;ESSENCIA, TUTTI FRUIT - 1X1000 - 5KG;ESSENCIA FRACIONADA;33029019
02020007;ESSENCIA, TUTTI FRUIT - 1X200 HS - 100ML;ESSENCIA FRACIONADA;33029019
0202000105;ESSENCIA, TUTTI FRUIT - 1X200 HS - 100ML CX20;ESSENCIA FRACIONADA;33029019
02027154;ESSENCIA, TUTTI FRUIT - 1X200 HS - 1LT;ESSENCIA FRACIONADA;33029019
02021740;ESSENCIA, TUTTI FRUIT - 1X200 HS - 500ML;ESSENCIA FRACIONADA;33029019
020291286;ESSENCIA, TUTTI FRUIT - 1X200 HS - 5LT;ESSENCIA FRACIONADA;33029019
020200180;ESSENCIA, UOMINE - 1X1000 - 1KG;ESSENCIA FRACIONADA;33029019
020200179;ESSENCIA, UOMINE - 1X1000 - 5KG;ESSENCIA FRACIONADA;33029019
02025958;ESSENCIA, UOMINE - 1X200 HS - 100ML;ESSENCIA FRACIONADA;33029019
0202000106;ESSENCIA, UOMINE - 1X200 HS - 100ML CX20;ESSENCIA FRACIONADA;33029019
02025052;ESSENCIA, UOMINE - 1X200 HS - 1LT;ESSENCIA FRACIONADA;33029019
02024633;ESSENCIA, UOMINE - 1X200 HS - 500ML;ESSENCIA FRACIONADA;33029019
020291290;ESSENCIA, UOMINE - 1X200 HS - 5LT;ESSENCIA FRACIONADA;33029019
02030039;ESSENCIA, UVA - 1X1000 - 1KG;ESSENCIA FRACIONADA;33029019
02050039;ESSENCIA, UVA - 1X1000 - 5KG;ESSENCIA FRACIONADA;33029019
02110039;ESSENCIA, UVA - 1X200 - 100ML;ESSENCIA FRACIONADA;33029019
02210039;ESSENCIA, UVA - 1X200 - 100ML CX20;ESSENCIA FRACIONADA;33029019
02070039;ESSENCIA, UVA - 1X200 - 1LT;ESSENCIA FRACIONADA;33029019
02130039;ESSENCIA, UVA - 1X200 - 500ML;ESSENCIA FRACIONADA;33029019
02090039;ESSENCIA, UVA - 1X200 - 5LT;ESSENCIA FRACIONADA;33029019
02025824;ESSENCIA, VELEIRO IMPERIAL - 1X1000 - 1KG;ESSENCIA FRACIONADA;33029019
02026360;ESSENCIA, VELEIRO IMPERIAL - 1X1000 - 5KG;ESSENCIA FRACIONADA;33029019
02021639;ESSENCIA, VELEIRO IMPERIAL - 1X200 HS - 100ML;ESSENCIA FRACIONADA;33029019
0202000107;ESSENCIA, VELEIRO IMPERIAL - 1X200 HS - 100ML CX20;ESSENCIA FRACIONADA;33029019
02025236;ESSENCIA, VELEIRO IMPERIAL - 1X200 HS - 1LT;ESSENCIA FRACIONADA;33029019
02025635;ESSENCIA, VELEIRO IMPERIAL - 1X200 HS - 500ML;ESSENCIA FRACIONADA;33029019
02023213;ESSENCIA, VELEIRO IMPERIAL - 1X200 HS - 5LT;ESSENCIA FRACIONADA;33029019
02030040;ESSENCIA, VERBENA - 1X1000 - 1KG;ESSENCIA FRACIONADA;33029019
02050040;ESSENCIA, VERBENA - 1X1000 - 5KG;ESSENCIA FRACIONADA;33029019
02110040;ESSENCIA, VERBENA - 1X200 - 100ML;ESSENCIA FRACIONADA;33029019
02210040;ESSENCIA, VERBENA - 1X200 - 100ML CX20;ESSENCIA FRACIONADA;33029019
02070040;ESSENCIA, VERBENA - 1X200 - 1LT;ESSENCIA FRACIONADA;33029019
02130040;ESSENCIA, VERBENA - 1X200 - 500ML;ESSENCIA FRACIONADA;33029019
02090040;ESSENCIA, VERBENA - 1X200 - 5LT;ESSENCIA FRACIONADA;33029019
020291299;ESSENCIA, VINOLHA - 1X1000 - 1KG;ESSENCIA FRACIONADA;33029019
0202912300;ESSENCIA, VINOLHA - 1X1000 - 5KG;ESSENCIA FRACIONADA;33029019
02023914;ESSENCIA, VINOLHA - 1X200 HS - 100ML;ESSENCIA FRACIONADA;33029019
0202000108;ESSENCIA, VINOLHA - 1X200 HS - 100ML CX20;ESSENCIA FRACIONADA;33029019
02027494;ESSENCIA, VINOLHA - 1X200 HS - 1LT;ESSENCIA FRACIONADA;33029019
02026704;ESSENCIA, VINOLHA - 1X200 HS - 500ML;ESSENCIA FRACIONADA;33029019
0202921256;ESSENCIA, VINOLHA - 1X200 HS - 5LT;ESSENCIA FRACIONADA;33029019
020200191;ESSENCIA, VINTE QUATRO HORAS - 1X1000 - 1KG;ESSENCIA FRACIONADA;33029019
020200192;ESSENCIA, VINTE QUATRO HORAS - 1X1000 - 5KG;ESSENCIA FRACIONADA;33029019
02022603;ESSENCIA, VINTE QUATRO HORAS - 1X200 HS - 100ML;ESSENCIA FRACIONADA;33029019
0202000109;ESSENCIA, VINTE QUATRO HORAS - 1X200 HS - 100ML CX20;ESSENCIA FRACIONADA;33029019
02020071;ESSENCIA, VINTE QUATRO HORAS - 1X200 HS - 1LT;ESSENCIA FRACIONADA;33029019
02022940;ESSENCIA, VINTE QUATRO HORAS - 1X200 HS - 500ML;ESSENCIA FRACIONADA;33029019
020291291;ESSENCIA, VINTE QUATRO HORAS - 1X200 HS - 5LT;ESSENCIA FRACIONADA;33029019
020291294;ESSENCIA, VIOLETA - 1X1000 - 1KG;ESSENCIA FRACIONADA;33029019
020291295;ESSENCIA, VIOLETA - 1X1000 - 5KG;ESSENCIA FRACIONADA;33029019
02021010;ESSENCIA, VIOLETA - 1X200 HS - 100ML;ESSENCIA FRACIONADA;33029019
0202000110;ESSENCIA, VIOLETA - 1X200 HS - 100ML CX20;ESSENCIA FRACIONADA;33029019
02021012;ESSENCIA, VIOLETA - 1X200 HS - 1LT;ESSENCIA FRACIONADA;33029019
02021011;ESSENCIA, VIOLETA - 1X200 HS - 500ML;ESSENCIA FRACIONADA;33029019
020291293;ESSENCIA, VIOLETA - 1X200 HS - 5LT;ESSENCIA FRACIONADA;33029019
020291297;ESSENCIA, VIOLEX - 1X1000 - 1KG;ESSENCIA FRACIONADA;33029019
020291298;ESSENCIA, VIOLEX - 1X1000 - 5KG;ESSENCIA FRACIONADA;33029019
02023199;ESSENCIA, VIOLEX - 1X200 - 100ML;ESSENCIA FRACIONADA;33029019
0202000111;ESSENCIA, VIOLEX - 1X200 - 100ML CX20;ESSENCIA FRACIONADA;33029019
02029965;ESSENCIA, VIOLEX - 1X200 - 1LT;ESSENCIA FRACIONADA;33029019
02025977;ESSENCIA, VIOLEX - 1X200 - 500ML;ESSENCIA FRACIONADA;33029019
020291296;ESSENCIA, VIOLEX - 1X200 - 5LT;ESSENCIA FRACIONADA;33029019
0202000378;ESSENCIA, VIP ROSE - 1X1000 - 10ML;ESSENCIA FRACIONADA;33029019
0202000380;ESSENCIA, VIP ROSE - 1X1000 - 1KG;ESSENCIA FRACIONADA;33029019
0202000382;ESSENCIA, VIP ROSE - 1X1000 - 5KG;ESSENCIA FRACIONADA;33029019
0202000384;ESSENCIA, VIP ROSE - 1X200 - 100ML;ESSENCIA FRACIONADA;33029019
0202000386;ESSENCIA, VIP ROSE - 1X200 - 100ML CX20;ESSENCIA FRACIONADA;33029019
0202000388;ESSENCIA, VIP ROSE - 1X200 - 1LT;ESSENCIA FRACIONADA;33029019
0202000390;ESSENCIA, VIP ROSE - 1X200 - 500ML;ESSENCIA FRACIONADA;33029019
0202000392;ESSENCIA, VIP ROSE - 1X200 - 5LT;ESSENCIA FRACIONADA;33029019
0202000284;ESSENCIA, ZARA - 1X1000 - 1KG;ESSENCIA FRACIONADA;33029019
0202000287;ESSENCIA, ZARA - 1X1000 - 5KG;ESSENCIA FRACIONADA;33029019
0202000290;ESSENCIA, ZARA - 1X200 - 100ML;ESSENCIA FRACIONADA;33029019
0202000293;ESSENCIA, ZARA - 1X200 - 100ML CX20;ESSENCIA FRACIONADA;33029019
0202000296;ESSENCIA, ZARA - 1X200 - 1LT;ESSENCIA FRACIONADA;33029019
0202000299;ESSENCIA, ZARA - 1X200 - 500ML;ESSENCIA FRACIONADA;33029019
0202000302;ESSENCIA, ZARA - 1X200 - 5LT;ESSENCIA FRACIONADA;33029019
0500632;OLEO DE CITRONELA - 100ML;ESSENCIA FRACIONADA;33029019
05000345;OLEO DE CITRONELA - 1LT;ESSENCIA FRACIONADA;33029019
05000054;OLEO DE CITRONELA - 500ML;ESSENCIA FRACIONADA;33029019
04020009;OLEO DE EUCALIPTO 100% - 100ML CX20;ESSENCIA FRACIONADA;33029019
04027886;OLEO DE EUCALIPTO 100% - 1LT;ESSENCIA FRACIONADA;33029019
04020050;OLEO DE EUCALIPTO 100% - 1LT C/12;ESSENCIA FRACIONADA;33029019
04020010;OLEO DE PINHO - 100ML CX20;ESSENCIA FRACIONADA;33029019
04025770;OLEO DE PINHO - 1LT;ESSENCIA FRACIONADA;33029019
02020002;ESSENCIA, ACAI - 1X1000 - KG;ESSENCIA PURA;33029019
02020020;ESSENCIA, ACAI PLUS - 1X1000 - KG;ESSENCIA PURA;33029019
02022368;ESSENCIA, AGUA DE VERAO - 1X1000 - KG;ESSENCIA PURA;33029019
02021353;ESSENCIA, AGUA FRESCA - 1X1000 - KG;ESSENCIA PURA;
02023367;ESSENCIA, ALECRIM - 1X1000 - KG;ESSENCIA PURA;
02028736;ESSENCIA, ALFAZEMA - 1X1000 - KG;ESSENCIA PURA;33029019
02026129;ESSENCIA, ALGAS MARINHAS - 1X1000 - KG;ESSENCIA PURA;33029019
02020003;ESSENCIA, ALGODAO - 1X1000 - KG;ESSENCIA PURA;33029019
02027394;ESSENCIA, ALOE VERA - 1X1000 - KG;ESSENCIA PURA;33029019
02020004;ESSENCIA, ALOE VERA PLUS - 1X1000 - KG;ESSENCIA PURA;33029019
02020850;ESSENCIA, AMACITEL - 1X1000 - KG;ESSENCIA PURA;33029019
02028692;ESSENCIA, AMARIGGE - 1X1000 - KG;ESSENCIA PURA;33029019
0203000001;ESSENCIA, AMENDOAS DOCE - 1X1000 - KG;ESSENCIA PURA;33029019
02020005;ESSENCIA, AMORA NEGRA - 1X1000 - KG;ESSENCIA PURA;33029019
02020008;ESSENCIA, ANIE ANY - 1X1000 - KG;ESSENCIA PURA;33029019
02020006;ESSENCIA, ANIMALLY - 1X1000 - KG;ESSENCIA PURA;33029019
02023619;ESSENCIA, ARIEL - 1X1000 - KG;ESSENCIA PURA;33029019
0203000018;ESSENCIA, ARIEL PREMIUM - 1X1000 - KG;ESSENCIA PURA;33029019
02029000;ESSENCIA, BABALU - 1X1000 - KG;ESSENCIA PURA;33029019
02029001;ESSENCIA, BAMBU - 1X1000 - KG;ESSENCIA PURA;33029019
0203000019;ESSENCIA, BAMBU PREMIUM - 1X1000 - KG;ESSENCIA PURA;33029019
0203000002;ESSENCIA, BAUNILHA - 1X1000 - KG;ESSENCIA PURA;33029019
02022834;ESSENCIA, BIOGRAFHIA - 1X1000 - KG;ESSENCIA PURA;33029019
02029002;ESSENCIA, BIOGRAFHIA PLUS - 1X1000 - KG;ESSENCIA PURA;33029019
02021213;ESSENCIA, BLUE BERRY - 1X1000 - KG;ESSENCIA PURA;33029019
02023951;ESSENCIA, BLUE DESIN - 1X1000 - KG;ESSENCIA PURA;33029019
0203000036;ESSENCIA, BOBO - 1X1000 - KG;ESSENCIA PURA;33029019
02022689;ESSENCIA, BRILHANTE - 1X1000 - KG;ESSENCIA PURA;33029019
02027333;ESSENCIA, BRISA MARINHA - 1X1000 - KG;ESSENCIA PURA;33029019
0203000021;ESSENCIA, CALENDULA - 1X1000 - KG;ESSENCIA PURA;00000000
02025765;ESSENCIA, CAMPESTRE - 1X1000 - KG;ESSENCIA PURA;33029019
02028871;ESSENCIA, CANELA - 1X1000 - KG;ESSENCIA PURA;
02029003;ESSENCIA, CAPIM LIMAO - 1X1000 - KG;ESSENCIA PURA;33029019
02029004;ESSENCIA, CARAVELAS ORIGINAL - 1X1000 - KG;ESSENCIA PURA;33029019
02020010;ESSENCIA, CARMY STEFES - 1X1000 - KG;ESSENCIA PURA;33029019
02027437;ESSENCIA, CARRO NOVO - 1X1000 - KG;ESSENCIA PURA;33029019
02022941;ESSENCIA, CARRO ZERO - 1X1000 - KG;ESSENCIA PURA;33029019
02020009;ESSENCIA, CASA E COR - 1X1000 - KG;ESSENCIA PURA;33029019
02026985;ESSENCIA, CASA LIMPA - 1X1000 - KG;ESSENCIA PURA;
02020011;ESSENCIA, CASCA E FOLHAS - 1X1000 - KG;ESSENCIA PURA;33029019
0203000022;ESSENCIA, CASTANHA - 1X1000 - KG;ESSENCIA PURA;00000000
02020012;ESSENCIA, CEDRO E CIPRESTE - 1X1000 - KG;ESSENCIA PURA;33029019
0203000003;ESSENCIA, CEREJA COM AVELA - 1X1000 - KG;ESSENCIA PURA;33029019
02020014;ESSENCIA, CEREJA COM AVELA PLUS - 1X1000 - KG;ESSENCIA PURA;33029019
02020015;ESSENCIA, CHA BRANCO - 1X1000 - KG;ESSENCIA PURA;33029019
02029840;ESSENCIA, CHA BRANCO PLUS - 1X1000 - KG;ESSENCIA PURA;33029019
02022903;ESSENCIA, CHAMEGO - 1X1000 - KG;ESSENCIA PURA;33029019
0203000004;ESSENCIA, CHEIRINHO DE BABY - 1X1000 - KG;ESSENCIA PURA;33029019
0203000005;ESSENCIA, CHOCOLATE BRANCO - 1X1000 - KG;ESSENCIA PURA;33029019
0203000006;ESSENCIA, CHOCOLATE COM PIMENTA - 1X1000 - KG;ESSENCIA PURA;33029019
02026188;ESSENCIA, CITRONELA - 1X1000 - KG;ESSENCIA PURA;
02025180;ESSENCIA, CITRUS - 1X1000 - KG;ESSENCIA PURA;
02022035;ESSENCIA, COCO - 1X1000 - KG;ESSENCIA PURA;33029019
02020001;ESSENCIA, COCO PLUS - 1X1000 - KG;ESSENCIA PURA;33029019
02026598;ESSENCIA, COLUMBIA - 1X1000 - KG;ESSENCIA PURA;33029019
020290029;ESSENCIA, CONFORTE ALGODAO - 1X1000 - KG;ESSENCIA PURA;33029019
02021046;ESSENCIA, CONFORTE AZUL - 1X1000 - KG;ESSENCIA PURA;
02023834;ESSENCIA, CONFORTE ORIGINAL - 1X1000 - KG;ESSENCIA PURA;
02026940;ESSENCIA, CONFORTE PLUS - 1X1000 - KG;ESSENCIA PURA;33029019
02027625;ESSENCIA, CONFORTEX (2002) - 1X1000 - KG;ESSENCIA PURA;33029019
02025805;ESSENCIA, CRAVO E CANELA - 1X1000 - KG;ESSENCIA PURA;33029019
02020168;ESSENCIA, DAERLING - 1X1000 - KG;ESSENCIA PURA;
02026664;ESSENCIA, DALIA - 1X1000 - KG;ESSENCIA PURA;33029019
02028424;ESSENCIA, DAMA DA NOITE - 1X1000 - KG;ESSENCIA PURA;33029019
02029006;ESSENCIA, DAMA DA NOITE PLUS - 1X1000 - KG;ESSENCIA PURA;33029019
02026359;ESSENCIA, DASLU - 1X1000 - KG;ESSENCIA PURA;
02025548;ESSENCIA, DAVENY - 1X1000 - KG;ESSENCIA PURA;
02028902;ESSENCIA, DESOLIN - 1X1000 - KG;ESSENCIA PURA;
02024477;ESSENCIA, DOVY - 1X1000 - KG;ESSENCIA PURA;33029019
02025691;ESSENCIA, DOVY PLUS - 1X1000 - KG;ESSENCIA PURA;33029019
02025687;ESSENCIA, DOWNE - 1X1000 - KG;ESSENCIA PURA;
0203000007;ESSENCIA, DOWNE VERMELHO - 1X1000 - KG;ESSENCIA PURA;33029019
02023841;ESSENCIA, EFICAZ - 1X1000 - KG;ESSENCIA PURA;33029019
02025303;ESSENCIA, ERVA DOCE - 1X1000 - KG;ESSENCIA PURA;33029019
02029597;ESSENCIA, ESTRELA IMPERIAL - 1X1000 - KG;ESSENCIA PURA;33029019
0203000023;ESSENCIA, FARMY - 1X1000 - KG;ESSENCIA PURA;00000000
02029408;ESSENCIA, FERRARI - 1X1000 - KG;ESSENCIA PURA;
0203000034;ESSENCIA, FIGO EM CALDAS - 1X1000 - KG;ESSENCIA PURA;33029019
02020017;ESSENCIA, FLOR DE CEREJEIRA - 1X1000 - KG;ESSENCIA PURA;33029019
0203000008;ESSENCIA, FLOR DE LIZ - 1X1000 - KG;ESSENCIA PURA;33029019
02020018;ESSENCIA, FLOR DE MARACUJA - 1X1000 - KG;ESSENCIA PURA;33029019
0203000009;ESSENCIA, FLOR DE YPE - 1X1000 - KG;ESSENCIA PURA;33029019
02021915;ESSENCIA, FLOR DO CAMPO - 1X1000 - KG;ESSENCIA PURA;33029019
02026991;ESSENCIA, FLOR SILVESTRE - 1X1000 - KG;ESSENCIA PURA;
02023028;ESSENCIA, FLORAL BOUQUET - 1X1000 - KG;ESSENCIA PURA;33029019
02023833;ESSENCIA, FLORAL FANTASIA - 1X1000 - KG;ESSENCIA PURA;33029019
02029007;ESSENCIA, FLORAL FRUTAL - 1X1000 - KG;ESSENCIA PURA;33029019
02028485;ESSENCIA, FLORAL HOMO - 1X1000 - KG;ESSENCIA PURA;33029019
02020126;ESSENCIA, FLORAL ROSE - 1X1000 - KG;ESSENCIA PURA;33029019
02029008;ESSENCIA, FLORES DE VERAO - 1X1000 - KG;ESSENCIA PURA;33029019
02025530;ESSENCIA, FOFO - 1X1000 - KG;ESSENCIA PURA;33029019
02029010;ESSENCIA, FOFO PLUS - 1X1000 - KG;ESSENCIA PURA;33029019
02020237;ESSENCIA, FRAMBOESA - 1X1000 - KG;ESSENCIA PURA;33029019
02021317;ESSENCIA, FRYE - 1X1000 - KG;ESSENCIA PURA;33029019
0203000010;ESSENCIA, GABATINE - 1X1000 - KG;ESSENCIA PURA;33029019
02029223;ESSENCIA, GABRIELA - 1X1000 - KG;ESSENCIA PURA;33029019
02020935;ESSENCIA, GIOVANA - 1X1000 - KG;ESSENCIA PURA;33029019
020290011;ESSENCIA, GIRASSOL - 1X1000 - KG;ESSENCIA PURA;33029019
020290012;ESSENCIA, HERBAL - 1X1000 - KG;ESSENCIA PURA;33029019
020290017;ESSENCIA, HOMO CARIBE - 1X1000 - KG;ESSENCIA PURA;33029019
02020031;ESSENCIA, HOMO COCO - 1X1000 - KG;ESSENCIA PURA;33029019
02020021;ESSENCIA, HOMO MULTI - 1X1000 - KG;ESSENCIA PURA;33029019
020290018;ESSENCIA, HOMO PROGREN - 1X1000 - KG;ESSENCIA PURA;33029019
0203000016;ESSENCIA, HOMO SEVEN - 1X1000 - KG;ESSENCIA PURA;33029019
02029541;ESSENCIA, HORTELA - 1X1000 - KG;ESSENCIA PURA;
0203000011;ESSENCIA, HUGO BOZ - 1X1000 - KG;ESSENCIA PURA;33029019
0203000035;ESSENCIA, IGUATEMI - 1X1000 - KG;ESSENCIA PURA;33029019
020290030;ESSENCIA, IMPERIAL - 1X1000 - KG;ESSENCIA PURA;33029019
0203000024;ESSENCIA, INVICTUS - 1X1000 - KG;ESSENCIA PURA;00000000
02022545;ESSENCIA, JABUTICABA - 1X1000 - KG;ESSENCIA PURA;
02029523;ESSENCIA, JASMIM FRASSES - 1X1000 - KG;ESSENCIA PURA;33029019
02027505;ESSENCIA, JASMIM GL - 1X1000 - KG;ESSENCIA PURA;33029019
020290013;ESSENCIA, JASMIM PLUS - 1X1000 - KG;ESSENCIA PURA;33029019
02020037;ESSENCIA, JON JONY - 1X1000 - KG;ESSENCIA PURA;33029019
02028057;ESSENCIA, KARITE - 1X1000 - KG;ESSENCIA PURA;33029019
02024313;ESSENCIA, KASAR - 1X1000 - KG;ESSENCIA PURA;33029019
02021054;ESSENCIA, KAYAKE - 1X1000 - KG;ESSENCIA PURA;33029019
020290014;ESSENCIA, KAYAKE PLUS - 1X1000 - KG;ESSENCIA PURA;33029019
020290025;ESSENCIA, LAVANDA BABY - 1X1000 - KG;ESSENCIA PURA;33029019
02022204;ESSENCIA, LAVANDA CAR (EUREKA) - 1X1000 - KG;ESSENCIA PURA;33029019
02023339;ESSENCIA, LAVANDA CHINES - 1X1000 - KG;ESSENCIA PURA;33029019
02023190;ESSENCIA, LAVANDA GLEID - 1X1000 - KG;ESSENCIA PURA;33029019
0203000037;ESSENCIA, LAVANDA GLEID PLUS - 1X1000 - KG;ESSENCIA PURA;33029019
02020213;ESSENCIA, LAVANDA MUSK - 1X1000 - KG;ESSENCIA PURA;33029019
02020022;ESSENCIA, LAVANDA PROVENCE - 1X1000 - KG;ESSENCIA PURA;33029019
02022002;ESSENCIA, LAVANDA SAMPIK - 1X1000 - KG;ESSENCIA PURA;33029019
02029087;ESSENCIA, LAVANDA WORD - 1X1000 - KG;ESSENCIA PURA;
0203000012;ESSENCIA, LELIS - 1X1000 - KG;ESSENCIA PURA;33029019
02021109;ESSENCIA, LIMA LIMAO - 1X1000 - KG;ESSENCIA PURA;33029019
02020256;ESSENCIA, LIMAO - 1X1000 - KG;ESSENCIA PURA;33029019
02020023;ESSENCIA, LOVE - 1X1000 - KG;ESSENCIA PURA;33029019
0203000033;ESSENCIA, LOVESPELL - 1X1000 - KG;ESSENCIA PURA;33029019
02022436;ESSENCIA, LUX PLUS - 1X1000 - KG;ESSENCIA PURA;33029019
02020024;ESSENCIA, LYLY - 1X1000 - KG;ESSENCIA PURA;33029019
02020025;ESSENCIA, MACA COM CANELA - 1X1000 - KG;ESSENCIA PURA;33029019
02022855;ESSENCIA, MACA VERDE - 1X1000 - KG;ESSENCIA PURA;33029019
02028021;ESSENCIA, MACA VERMELHA - 1X1000 - KG;ESSENCIA PURA;33029019
02020026;ESSENCIA, MACADAMIA - 1X1000 - KG;ESSENCIA PURA;33029019
02023806;ESSENCIA, MACADAMIA COM FRUTAS - 1X1000 - KG;ESSENCIA PURA;
02020027;ESSENCIA, MADEIRA LUXO - 1X1000 - KG;ESSENCIA PURA;33029019
02021022;ESSENCIA, MALBEKE - 1X1000 - KG;ESSENCIA PURA;33029019
02025631;ESSENCIA, MALICIA - 1X1000 - KG;ESSENCIA PURA;33029019
02022826;ESSENCIA, MAMAE BABY - 1X1000 - KG;ESSENCIA PURA;33029019
02020028;ESSENCIA, MARACUJA - 1X1000 - KG;ESSENCIA PURA;33029019
02020016;ESSENCIA, MAREAH - 1X1000 - KG;ESSENCIA PURA;33029019
020290015;ESSENCIA, MARINER - 1X1000 - KG;ESSENCIA PURA;33029019
0203000025;ESSENCIA, MEL - 1X1000 - KG;ESSENCIA PURA;00000000
02026163;ESSENCIA, MELANCIA - 1X1000 - KG;ESSENCIA PURA;33029019
0203000013;ESSENCIA, MELANCIA&CHAMPAG&FRAMBO - 1X1000 - KG;ESSENCIA PURA;33029019
02020777;ESSENCIA, MENTA - 1X1000 - KG;ESSENCIA PURA;
02020029;ESSENCIA, MERENGUE MORANGO - 1X1000 - KG;ESSENCIA PURA;33029019
02022829;ESSENCIA, MIL FLORES - 1X1000 - KG;ESSENCIA PURA;33029019
02020019;ESSENCIA, MIRRA - 1X1000 - KG;ESSENCIA PURA;33029019
0203000014;ESSENCIA, MOMBIJU - 1X1000 - KG;ESSENCIA PURA;33029019
02025868;ESSENCIA, MORANGO - 1X1000 - KG;ESSENCIA PURA;33029019
02025806;ESSENCIA, MORANGO COM CHAMPAGNE - 1X1000 - KG;ESSENCIA PURA;
0203000015;ESSENCIA, MORANGO&MARACU&TUTTI - 1X1000 - KG;ESSENCIA PURA;33029019
02025524;ESSENCIA, NATURAN - 1X1000 - KG;ESSENCIA PURA;33029019
020290016;ESSENCIA, NATURAN PLUS - 1X1000 - KG;ESSENCIA PURA;33029019
02026765;ESSENCIA, NIVEAN - 1X1000 - KG;ESSENCIA PURA;33029019
0203000026;ESSENCIA, OCEANO - 1X1000 - KG;ESSENCIA PURA;00000000
02020032;ESSENCIA, OSCLEY - 1X1000 - KG;ESSENCIA PURA;33029019
02020199;ESSENCIA, PALMOLUX - 1X1000 - KG;ESSENCIA PURA;33029019
020290027;ESSENCIA, PALMOLUX PLUS - 1X1000 - KG;ESSENCIA PURA;33029019
0203000017;ESSENCIA, PATCHOULY - 1X1000 - KG;ESSENCIA PURA;33029019
02022078;ESSENCIA, PESSEGO - 1X1000 - KG;ESSENCIA PURA;
02027596;ESSENCIA, PHEBON - 1X1000 - KG;ESSENCIA PURA;33029019
02020033;ESSENCIA, PIMENTA ROSA - 1X1000 - KG;ESSENCIA PURA;33029019
02023229;ESSENCIA, PINHO CANADENSE - 1X1000 - KG;ESSENCIA PURA;33029019
020290021;ESSENCIA, PINHO LIMAO - 1X1000 - KG;ESSENCIA PURA;33029019
02023772;ESSENCIA, PITANGA - 1X1000 - KG;ESSENCIA PURA;
02020013;ESSENCIA, PITANGA E AMORA - 1X1000 - KG;ESSENCIA PURA;33029019
02020035;ESSENCIA, PITANGA PRETA - 1X1000 - KG;ESSENCIA PURA;33029019
0203000032;ESSENCIA, PITAYA - 1X1000 - KG;ESSENCIA PURA;33029019
02026817;ESSENCIA, RENASCENCIA - 1X1000 - KG;ESSENCIA PURA;33029019
02020297;ESSENCIA, REXON - 1X1000 - KG;ESSENCIA PURA;33029019
02020036;ESSENCIA, SANDALO - 1X1000 - KG;ESSENCIA PURA;33029019
02020030;ESSENCIA, SILVER CENT - 1X1000 - KG;ESSENCIA PURA;33029019
02023714;ESSENCIA, STILETO - 1X1000 - KG;ESSENCIA PURA;33029019
02026806;ESSENCIA, SUNNY FRESH - 1X1000 - KG;ESSENCIA PURA;33029019
02028728;ESSENCIA, TALCO CHINES (JJ) - 1X1000 - KG;ESSENCIA PURA;33029019
02028804;ESSENCIA, TALCO CREME - 1X1000 - KG;ESSENCIA PURA;33029019
020290028;ESSENCIA, TALCO ORIENTAL - 1X1000 - KG;ESSENCIA PURA;33029019
02021962;ESSENCIA, TALCO POMPOM - 1X1000 - KG;ESSENCIA PURA;33029019
020290022;ESSENCIA, TITANIC - 1X1000 - KG;ESSENCIA PURA;33029019
02027686;ESSENCIA, TOPFLOR - 1X1000 - KG;ESSENCIA PURA;
02020038;ESSENCIA, TROUSSARD - 1X1000 - KG;ESSENCIA PURA;33029019
02023365;ESSENCIA, TUTTI FRUIT - 1X1000 - KG;ESSENCIA PURA;33029019
02020157;ESSENCIA, UOMINE - 1X1000 - KG;ESSENCIA PURA;33029019
02020039;ESSENCIA, UVA - 1X1000 - KG;ESSENCIA PURA;33029019
02022112;ESSENCIA, VELEIRO IMPERIAL - 1X1000 - KG;ESSENCIA PURA;
02020040;ESSENCIA, VERBENA - 1X1000 - KG;ESSENCIA PURA;33029019
020290023;ESSENCIA, VINOLHA - 1X1000 - KG;ESSENCIA PURA;33029019
020290024;ESSENCIA, VINTE QUATRO HORAS - 1X1000 - KG;ESSENCIA PURA;33029019
02024729;ESSENCIA, VIOLETA - 1X1000 - KG;ESSENCIA PURA;33029019
02025370;ESSENCIA, VIOLEX - 1X1000 - KG;ESSENCIA PURA;33029019
0203000020;ESSENCIA, ZARA - 1X1000 - KG;ESSENCIA PURA;33029019
02020054;PERFUME, FEM 212 SEXY;ESSENCIA PURA;
02020056;PERFUME, FEM 212 VIP ROSE;ESSENCIA PURA;
02020055;PERFUME, FEM 212 VIP WHITE;ESSENCIA PURA;
02028964;PERFUME, FEM ACGUA DI GIO;ESSENCIA PURA;
02022894;PERFUME, FEM ACQUA FRESCA;ESSENCIA PURA;
02024653;PERFUME, FEM ANAIS ANAIS;ESSENCIA PURA;
02023807;PERFUME, FEM ANGEL;ESSENCIA PURA;
02023906;PERFUME, FEM ANGEL INNOCENNT;ESSENCIA PURA;
02026200;PERFUME, FEM BIOGRAFIA;ESSENCIA PURA;
02025131;PERFUME, FEM CAROLINA HERRERA;ESSENCIA PURA;
02021313;PERFUME, FEM CAROLINA HERRERA 212;ESSENCIA PURA;
02027823;PERFUME, FEM CHANEL Nº5;ESSENCIA PURA;
02028022;PERFUME, FEM COFFEE;ESSENCIA PURA;
02020051;PERFUME, FEM DIESEL;ESSENCIA PURA;
0203000028;PERFUME, FEM DOLCE GABBANA;ESSENCIA PURA;00000000
02024510;PERFUME, FEM DUNE;ESSENCIA PURA;
02022106;PERFUME, FEM FEMME.COM;ESSENCIA PURA;
02027658;PERFUME, FEM FLORATTA;ESSENCIA PURA;
02022109;PERFUME, FEM FREE;ESSENCIA PURA;33029019
02025374;PERFUME, FEM GABRIELA SABATINI;ESSENCIA PURA;
02022379;PERFUME, FEM GLAMOUR;ESSENCIA PURA;
0203000030;PERFUME, FEM GOOD GIRL;ESSENCIA PURA;33029019
02022991;PERFUME, FEM HOJE;ESSENCIA PURA;
02023644;PERFUME, FEM HUGO BOSS;ESSENCIA PURA;
02022999;PERFUME, FEM INSENZATEZ;ESSENCIA PURA;
02025811;PERFUME, FEM KOUROS;ESSENCIA PURA;33029019
02028480;PERFUME, FEM KRISKA;ESSENCIA PURA;
0203000029;PERFUME, FEM LA VIE EST BELLE;ESSENCIA PURA;00000000
02020050;PERFUME, FEM LADY MILLION;ESSENCIA PURA;
02029858;PERFUME, FEM LAVANDA INGLESA;ESSENCIA PURA;
02025869;PERFUME, FEM LUA;ESSENCIA PURA;
0203000031;PERFUME, FEM MISS DIOR;ESSENCIA PURA;33029019
02022351;PERFUME, FEM PARIS;ESSENCIA PURA;
02023110;PERFUME, FEM POLLO BLUE;ESSENCIA PURA;
02025820;PERFUME, FEM SOL;ESSENCIA PURA;
02020137;PERFUME, FEM THATY;ESSENCIA PURA;
02020053;PERFUME, FEM VS APPLE;ESSENCIA PURA;
02020052;PERFUME, FEM VS VERY SEXY;ESSENCIA PURA;
02020057;PERFUME, MAS 212 VIP BLACK;ESSENCIA PURA;
02020060;PERFUME, MAS 212 VIP SILVER;ESSENCIA PURA;
02023784;PERFUME, MAS ACGUA DI GIO;ESSENCIA PURA;
02023152;PERFUME, MAS AZARRO;ESSENCIA PURA;
02026310;PERFUME, MAS BALDESSARINI;ESSENCIA PURA;
02021862;PERFUME, MAS BIOGRAFIA;ESSENCIA PURA;
02020059;PERFUME, MAS BULGARI BLACK;ESSENCIA PURA;
02027757;PERFUME, MAS CAROLINA HERRERA;ESSENCIA PURA;
02023632;PERFUME, MAS CHANEL ALLURE;ESSENCIA PURA;
02024020;PERFUME, MAS CK BE;ESSENCIA PURA;33029019
02024823;PERFUME, MAS CK ONE;ESSENCIA PURA;
02025248;PERFUME, MAS CONNEXION;ESSENCIA PURA;
02020058;PERFUME, MAS DIESEL;ESSENCIA PURA;
02021359;PERFUME, MAS DOLCE&GABBANNA;ESSENCIA PURA;
02023620;PERFUME, MAS DRAKKAR;ESSENCIA PURA;
02021093;PERFUME, MAS DUNE;ESSENCIA PURA;
02023637;PERFUME, MAS EGEO;ESSENCIA PURA;
02020250;PERFUME, MAS ESSENCIAL;ESSENCIA PURA;
02020676;PERFUME, MAS ETERNITY;ESSENCIA PURA;
02023950;PERFUME, MAS FARENHAITY;ESSENCIA PURA;
02020604;PERFUME, MAS FERRARI BLACK;ESSENCIA PURA;
02023991;PERFUME, MAS FERRARI RED;ESSENCIA PURA;
02023389;PERFUME, MAS HOJE;ESSENCIA PURA;
02022107;PERFUME, MAS HUGO BOSS;ESSENCIA PURA;33029019
02020123;PERFUME, MAS HUGO BOSS ELEMENTS;ESSENCIA PURA;
02029514;PERFUME, MAS INTENSE;ESSENCIA PURA;
0203000027;PERFUME, MAS INVICTUS;ESSENCIA PURA;00000000
02021812;PERFUME, MAS KAYAK;ESSENCIA PURA;
02027975;PERFUME, MAS MALBEC;ESSENCIA PURA;33029019
02020099;PERFUME, MAS MINOTAURE;ESSENCIA PURA;
02028090;PERFUME, MAS MONT BLANC PRESENCE;ESSENCIA PURA;
02020061;PERFUME, MAS ONE MILLION;ESSENCIA PURA;
02020083;PERFUME, MAS PACO RABANNE;ESSENCIA PURA;
02024927;PERFUME, MAS POLLO;ESSENCIA PURA;33029019
02023184;PERFUME, MAS POLLO SPORT;ESSENCIA PURA;
02027951;PERFUME, MAS PORTINARI;ESSENCIA PURA;
02025083;PERFUME, MAS QUASAR;ESSENCIA PURA;
02025613;PERFUME, MAS SINTONIA;ESSENCIA PURA;
02022935;PERFUME, MAS STYLETTO;ESSENCIA PURA;
02027138;PERFUME, MAS TED LAPIDUS;ESSENCIA PURA;
02029465;PERFUME, MAS TOMMY HELFINGER;ESSENCIA PURA;
02028943;PERFUME, MAS UOMINI BLACK;ESSENCIA PURA;33029019
02027745;ESSENCIA, 24 HORAS (VALENCIA) - 1X1000 - KG;ESSENCIA PURA (OUTRAS);33029019
02025577;ESSENCIA, ACE BRASIL - 1X1000 - KG;ESSENCIA PURA (OUTRAS);33029019
02025782;ESSENCIA, ALBANY - 1X1000 - KG;ESSENCIA PURA (OUTRAS);
02026730;ESSENCIA, AMAZONIA - 1X1000 - KG;ESSENCIA PURA (OUTRAS);
02024021;ESSENCIA, AMENDOAS - 1X1000 - KG;ESSENCIA PURA (OUTRAS);
02027744;ESSENCIA, ANGELL - 1X1000 - KG;ESSENCIA PURA (OUTRAS);33029019
02028231;ESSENCIA, AZARRO MASCULINO - 1X1000 - KG;ESSENCIA PURA (OUTRAS);
02022082;ESSENCIA, BANANA - 1X1000 - KG;ESSENCIA PURA (OUTRAS);
02022839;ESSENCIA, CAMOMILA - 1X1000 - KG;ESSENCIA PURA (OUTRAS);
02029005;ESSENCIA, CARAVELAS PLUS - 1X1000 - KG;ESSENCIA PURA (OUTRAS);33029019
02028817;ESSENCIA, CAROLINA HERRERA - 1X1000 - KG;ESSENCIA PURA (OUTRAS);
02023964;ESSENCIA, CITRUS IFF - 1X1000 - KG;ESSENCIA PURA (OUTRAS);
02023881;ESSENCIA, COCO DOCE - 1X1000 - KG;ESSENCIA PURA (OUTRAS);
02027249;ESSENCIA, CONFORT INFANTIL - 1X1000 - KG;ESSENCIA PURA (OUTRAS);
02023060;ESSENCIA, CONFORT TANDY - 1X1000;ESSENCIA PURA (OUTRAS);33029019
02024220;ESSENCIA, CREPE DA CHINA - 1X1000 - KG;ESSENCIA PURA (OUTRAS);33029019
02025736;ESSENCIA, CRISTAL - 1X1000 - KG;ESSENCIA PURA (OUTRAS);33029019
02025500;ESSENCIA, DAMA DA NOITE FIT - 1X1000 - KG;ESSENCIA PURA (OUTRAS);33029019
02024557;ESSENCIA, DRAKKAIR NOIR - 1X1000 - KG;ESSENCIA PURA (OUTRAS);33029019
02022418;ESSENCIA, ERVA CIDREIRA - 1X1000 - KG;ESSENCIA PURA (OUTRAS);
02026674;ESSENCIA, ESSENCIAL - 1X1000 - KG;ESSENCIA PURA (OUTRAS);33029019
02020887;ESSENCIA, ESTRELA IFF - 1X1000 - KG;ESSENCIA PURA (OUTRAS);
02028038;ESSENCIA, EXTREME - 1X1000 - KG;ESSENCIA PURA (OUTRAS);
02024267;ESSENCIA, FERRARI BLACK - 1X1000 - KG;ESSENCIA PURA (OUTRAS);
02027131;ESSENCIA, FLORAL 5048 - 1X1000 - KG;ESSENCIA PURA (OUTRAS);33029019
02020516;ESSENCIA, FLORAL CITRICOS - 1X1000 - KG;ESSENCIA PURA (OUTRAS);
02029939;ESSENCIA, FLORAL FLORES - 1X1000 - KG;ESSENCIA PURA (OUTRAS);33029019
02029951;ESSENCIA, FLORAL FRESCA - 1X1000 - KG;ESSENCIA PURA (OUTRAS);33029019
02028541;ESSENCIA, FLORAL FRUTAS - 1X1000 - KG;ESSENCIA PURA (OUTRAS);33029019
02028331;ESSENCIA, FLORAL ROSE (ROSANGELA) - 1X1000 - KG;ESSENCIA PURA (OUTRAS);
02029009;ESSENCIA, FLORES DO CAMPO PLUS - 1X1000 - KG;ESSENCIA PURA (OUTRAS);33029019
02024061;ESSENCIA, FRANCIS - 1X1000 - KG;ESSENCIA PURA (OUTRAS);
02028047;ESSENCIA, FRUTAS VERMELHAS - 1X1000 - KG;ESSENCIA PURA (OUTRAS);
02028039;ESSENCIA, GIOVANA BABY PLUS - 1X1000 - KG;ESSENCIA PURA (OUTRAS);
02025943;ESSENCIA, GRAFFITTY - 1X1000 - KG;ESSENCIA PURA (OUTRAS);33029019
02027318;ESSENCIA, HERBAL NATURAL - 1X1000 - KG;ESSENCIA PURA (OUTRAS);
02022694;ESSENCIA, HERBAL SILVESTRE - 1X1000 - KG;ESSENCIA PURA (OUTRAS);
02021948;ESSENCIA, HOJE NATURA - 1X1000 - KG;ESSENCIA PURA (OUTRAS);33029019
02024011;ESSENCIA, HUGO ELEMENTS - 1X1000 - KG;ESSENCIA PURA (OUTRAS);33029019
02026294;ESSENCIA, JASMIM FLORES - 1X1000 - KG;ESSENCIA PURA (OUTRAS);
02024013;ESSENCIA, KAYAK FIT - 1X1000 - KG;ESSENCIA PURA (OUTRAS);33029019
02026223;ESSENCIA, KRIZIA - 1X1000 - KG;ESSENCIA PURA (OUTRAS);33029019
02021924;ESSENCIA, LARANJA - 1X1000 - KG;ESSENCIA PURA (OUTRAS);
02029278;ESSENCIA, LAVANDA BLOND - 1X1000 - KG;ESSENCIA PURA (OUTRAS);
02022435;ESSENCIA, LAVANDA MUSK (ROSANGELA) - 1X1000 - KG;ESSENCIA PURA (OUTRAS);
02029475;ESSENCIA, LAVANDA RASTRO - 1X1000 - KG;ESSENCIA PURA (OUTRAS);
02020406;ESSENCIA, LIMÃO CASCA - 1X1000 - KG;ESSENCIA PURA (OUTRAS);
02029389;ESSENCIA, LIMÃO FRESH (ROSANGELA) - 1X1000 - KG;ESSENCIA PURA (OUTRAS);
02021454;ESSENCIA, MAÇÃ MADURA - 1X1000 - KG;ESSENCIA PURA (OUTRAS);
02023880;ESSENCIA, MARINE - 1X1000 - KG;ESSENCIA PURA (OUTRAS);33029019
02028794;ESSENCIA, MATA VIRGEM - KG;ESSENCIA PURA (OUTRAS);
02021180;ESSENCIA, MINERVA ORIGINAL - 1X1000 - KG;ESSENCIA PURA (OUTRAS);
02024048;ESSENCIA, ORQUIDEA - 1X1000 - KG;ESSENCIA PURA (OUTRAS);
020290019;ESSENCIA, PALMOLIVE - 1X1000 - KG;ESSENCIA PURA (OUTRAS);33029019
02022909;ESSENCIA, PÊSSEGO VALENCIA - 1X1000 - KG;ESSENCIA PURA (OUTRAS);
02026685;ESSENCIA, PETALAS DE ROSAS - 1X1000 - KG;ESSENCIA PURA (OUTRAS);33029019
02026752;ESSENCIA, PETALAS P/ AMACIANTE - 1X1000 - KG;ESSENCIA PURA (OUTRAS);
020290020;ESSENCIA, PHEBO PLUS - 1X1000 - KG;ESSENCIA PURA (OUTRAS);33029019
02022425;ESSENCIA, PINHO SILVESTRE - 1X1000 - KG;ESSENCIA PURA (OUTRAS);33029019
02028678;ESSENCIA, PINHO SILVESTRE (PINHO VERT) - 1X1000 - KG;ESSENCIA PURA (OUTRAS);33029019
02024532;ESSENCIA, PRIMAVERA - 1X1000 - KG;ESSENCIA PURA (OUTRAS);
02028045;ESSENCIA, SEDA - 1X1000 - KG;ESSENCIA PURA (OUTRAS);
02027008;ESSENCIA, SILVESTRE (FENO) - 1X1000 - KG;ESSENCIA PURA (OUTRAS);33029019
02025785;ESSENCIA, STYLETTO FIT - 1X1000 - KG;ESSENCIA PURA (OUTRAS);33029019
02021861;ESSENCIA, TALCO FIT - 1X1000 - KG;ESSENCIA PURA (OUTRAS);33029019
02021716;ESSENCIA, TALCO INGLES - 1X1000 - KG;ESSENCIA PURA (OUTRAS);33029019
02028166;ESSENCIA, TOP FLOR VALENCIA - 1X1000 - KG;ESSENCIA PURA (OUTRAS);33029019
02028513;ESSENCIA, VINTE QUATRO HORAS FIT - 1X1000 - KG;ESSENCIA PURA (OUTRAS);
01070025;LIMPA FACIL - 450GRS CX12;LIMPADORES;34011190
01107732;LIMPA PNEU;LIMPADORES;34029019
01107731;LIMPA PNEU - 1LT;LIMPADORES;34029019
01107931;LIMPA PNEU - 1LT C/12;LIMPADORES;34029019
03000033;LIMPA PNEU - PET 5L;LIMPADORES;34029019
03000034;LIMPA PNEU - PET 5L FD C/04;LIMPADORES;34029019
01070005;LIMPA VIDRO;LIMPADORES;34029019
01077792;LIMPA VIDRO - 1LT;LIMPADORES;34029019
01077992;LIMPA VIDRO - 1LT C/12;LIMPADORES;34029019
01074078;LIMPA VIDRO - 500ML;LIMPADORES;34029019
01070098;LIMPA VIDRO - 500ML C/12;LIMPADORES;34029019
03000013;LIMPA VIDRO - PET 5L;LIMPADORES;34029019
03000014;LIMPA VIDRO - PET 5L FD C/04;LIMPADORES;34029019
01070006;LUSTRA MOVEIS;LIMPADORES;34052000
01079028;LUSTRA MOVEIS - 500ML;LIMPADORES;34052000
01070037;LUSTRA MOVEIS - 500ML C/12;LIMPADORES;34052000
10061708;MULTIUSO INCOLOR;LIMPADORES;34029019
01061707;MULTIUSO INCOLOR - 1LT;LIMPADORES;34029019
01061907;MULTIUSO INCOLOR - 1LT C/12;LIMPADORES;34029019
01065848;MULTIUSO INCOLOR - 500ML;LIMPADORES;34029019
01070099;MULTIUSO INCOLOR - 500ML C/12;LIMPADORES;34029019
03000087;MULTIUSO INCOLOR - PET 5L;LIMPADORES;34029019
03000088;MULTIUSO INCOLOR - PET 5L FD C/04;LIMPADORES;34029019
10061710;MULTIUSO POLY VALENCA;LIMPADORES;34029019
010061711;MULTIUSO POLY VALENCA - 1LT;LIMPADORES;34029019
010061911;MULTIUSO POLY VALENCA - 1LT C/12;LIMPADORES;34029019
10061712;MULTIUSO POLY VALENCA - 5LT;LIMPADORES;34029019
010061912;MULTIUSO POLY VALENCA - 5LT C/04;LIMPADORES;34029019
01100002;SILICONE GEL;LIMPADORES;34011190
01100005;SILICONE GEL - 10KG;LIMPADORES;34029019
01107455;SILICONE GEL - 2,5KG;LIMPADORES;34029019
01100012;SILICONE GEL - 2,5KG C/4;LIMPADORES;34029019
01107454;SILICONE GEL - 450GR;LIMPADORES;34029019
01100009;SILICONE GEL - 450GR CX12;LIMPADORES;34029019
01100003;SILICONE LIQUIDO;LIMPADORES;34029019
01100197;SILICONE LIQUIDO - 500ML;LIMPADORES;34029019
01100010;SILICONE LIQUIDO - 500ML C/12;LIMPADORES;34029019
01103991;SILICONE LIQUIDO - 5LT;LIMPADORES;34029019
01104191;SILICONE LIQUIDO - 5LT C/04;LIMPADORES;34029019
01050002;ALVEJANTE SEM CLORO;LIMPEZA PESADA;34025000
01051396;ALVEJANTE SEM CLORO - 1LT;LIMPEZA PESADA;34025000
01051596;ALVEJANTE SEM CLORO - 1LT C/12;LIMPEZA PESADA;34025000
03000007;ALVEJANTE SEM CLORO - PET 5L;LIMPEZA PESADA;34025000
03000008;ALVEJANTE SEM CLORO - PET 5L FD C/04;LIMPEZA PESADA;34025000
01053000;DESENGRAXANTE;LIMPEZA PESADA;34029019
01052999;DESENGRAXANTE - 1LT;LIMPEZA PESADA;38249941
01053199;DESENGRAXANTE - 1LT C/12;LIMPEZA PESADA;38249941
03000043;DESENGRAXANTE - PET 5L;LIMPEZA PESADA;38249941
03000044;DESENGRAXANTE - PET 5L FD C/04;LIMPEZA PESADA;38249941
01051236;LIMPA ALUMINIO;LIMPEZA PESADA;34011190
01059990;LIMPA ALUMINIO - 1LT;LIMPEZA PESADA;34029039
01060190;LIMPA ALUMINIO - 1LT C/12;LIMPEZA PESADA;34029039
01050014;LIMPA ALUMINIO - 500ML;LIMPEZA PESADA;34029039
01050026;LIMPA ALUMINIO - 500ML C/12;LIMPEZA PESADA;34029039
03000067;LIMPA ALUMINIO - PET 5L;LIMPEZA PESADA;34029039
03000068;LIMPA ALUMINIO - PET 5L FD C/04;LIMPEZA PESADA;34029039
01050005;LIMPA PEDRA;LIMPEZA PESADA;34011190
01055808;LIMPA PEDRA A - 5LT;LIMPEZA PESADA;34011190
01056008;LIMPA PEDRA A - 5LT C/04;LIMPEZA PESADA;34011190
01050007;REMOVEDOR DE CERA;LIMPEZA PESADA;34024900
01051678;REMOVEDOR DE CERA - 5LT;LIMPEZA PESADA;34029039
01051878;REMOVEDOR DE CERA - 5LT C/04;LIMPEZA PESADA;34029039
01100004;SOLUPAN LIQUIDO;LIMPEZA PESADA;38249941
01100006;SOLUPAN LIQUIDO - 1LT;LIMPEZA PESADA;38249941
01100007;SOLUPAN LIQUIDO - 1LT CX12;LIMPEZA PESADA;38249941
01100577;SOLUPAN LIQUIDO - 5LT;LIMPEZA PESADA;38249941
01100777;SOLUPAN LIQUIDO - 5LT C/04;LIMPEZA PESADA;38249941
04031457;CORANTE, VERDE;MATERIA PRIMA;32041100
04020011;ACIDO SULFONICO 90 - TB250KG;MP FRACIONADA;34023100
04023422;ALCOOL CEREAIS - 1LT C/12;MP FRACIONADA;22071090
04020079;ALCOOL ISOPROPILICO - 500ML CX06;MP FRACIONADA;29051220
04020128;AMIDA 60 - 1KG;MP FRACIONADA;29241994
04020072;AMIDA 60 - TB210KG;MP FRACIONADA;29241994
04026270;BAN RAS (REMOVEDOR) - 1LT C/12;MP FRACIONADA;27101230
04026120;BARRILHA - 1KG;MP FRACIONADA;28362010
04020081;BASE AMACIANTE CONCENTRADA - 100GR;MP FRACIONADA;38099190
04030007;BASE AMACIANTE CONCENTRADA - TB130KG;MP FRACIONADA;38099190
01120696;BASE, PERFUME - 100ML;MP FRACIONADA;22071090
01120002;BASE, PERFUME - 100ML CX20;MP FRACIONADA;22071090
01128065;BASE, PERFUME - 1LT;MP FRACIONADA;22071090
01126352;BASE, PERFUME - 1LT C/12;MP FRACIONADA;22071090
01125472;BASE, PERFUME - 500ML;MP FRACIONADA;22071090
01120003;BASE, PERFUME - 500ML CX06;MP FRACIONADA;22071090
04023696;BICARBONATO DE SODIO - 1KG;MP FRACIONADA;28363000
04020070;BRANCOL - TB200LT;MP FRACIONADA;32071090
05000860;CANFORA - 100GR;MP FRACIONADA;29142990
05000861;CANFORA - 1KG;MP FRACIONADA;29142990
04043168;CORANTE LIQUIDO, AMARELO FLUORECEINA - 100ML;MP FRACIONADA;32041990
04040025;CORANTE LIQUIDO, AMARELO FLUORECEINA - 100ML CX20;MP FRACIONADA;32041990
04043231;CORANTE LIQUIDO, AMARELO FLUORECEINA - 1LT;MP FRACIONADA;32041990
04043485;CORANTE LIQUIDO, AMARELO FLUORECEINA - 500ML;MP FRACIONADA;32041990
04041842;CORANTE LIQUIDO, AMARELO PINHO SOLAR - 100ML;MP FRACIONADA;32041990
04040026;CORANTE LIQUIDO, AMARELO PINHO SOLAR - 100ML CX20;MP FRACIONADA;32041990
04043685;CORANTE LIQUIDO, AMARELO PINHO SOLAR - 1LT;MP FRACIONADA;32041990
04046195;CORANTE LIQUIDO, AMARELO PINHO SOLAR - 500ML;MP FRACIONADA;32041990
04049801;CORANTE LIQUIDO, AMARELO TRATAZINA - 100ML;MP FRACIONADA;32041990
04040028;CORANTE LIQUIDO, AMARELO TRATAZINA - 100ML CX20;MP FRACIONADA;32041990
04041804;CORANTE LIQUIDO, AMARELO TRATAZINA - 1LT;MP FRACIONADA;32041990
04040354;CORANTE LIQUIDO, AMARELO TRATAZINA - 500ML;MP FRACIONADA;32041990
04044290;CORANTE LIQUIDO, AZUL (AMACIANTE) - 100ML;MP FRACIONADA;32041990
04040029;CORANTE LIQUIDO, AZUL (AMACIANTE) - 100ML CX20;MP FRACIONADA;32041990
04048628;CORANTE LIQUIDO, AZUL (AMACIANTE) - 1LT;MP FRACIONADA;32041990
04049913;CORANTE LIQUIDO, AZUL (AMACIANTE) - 500ML;MP FRACIONADA;32041990
04049262;CORANTE LIQUIDO, AZUL TURQUEZA - 100ML;MP FRACIONADA;32041990
04040037;CORANTE LIQUIDO, AZUL TURQUEZA - 100ML CX20;MP FRACIONADA;32041990
04042826;CORANTE LIQUIDO, AZUL TURQUEZA - 1LT;MP FRACIONADA;32041990
04046964;CORANTE LIQUIDO, AZUL TURQUEZA - 500ML;MP FRACIONADA;32041990
04044370;CORANTE LIQUIDO, CERAMICA - 100ML;MP FRACIONADA;32041990
04040030;CORANTE LIQUIDO, CERAMICA - 100ML CX20;MP FRACIONADA;32041990
04041967;CORANTE LIQUIDO, CERAMICA - 1LT;MP FRACIONADA;32041990
04041463;CORANTE LIQUIDO, CERAMICA - 500ML;MP FRACIONADA;32041990
04042544;CORANTE LIQUIDO, LARANJA - 100ML;MP FRACIONADA;32041990
04040031;CORANTE LIQUIDO, LARANJA - 100ML CX20;MP FRACIONADA;32041990
04042943;CORANTE LIQUIDO, LARANJA - 1LT;MP FRACIONADA;32041990
04046505;CORANTE LIQUIDO, LARANJA - 500ML;MP FRACIONADA;32041990
04049008;CORANTE LIQUIDO, ROSA RODAMINA - 100ML;MP FRACIONADA;32041990
04040032;CORANTE LIQUIDO, ROSA RODAMINA - 100ML CX20;MP FRACIONADA;32041990
04049526;CORANTE LIQUIDO, ROSA RODAMINA - 1LT;MP FRACIONADA;32041990
04047095;CORANTE LIQUIDO, ROSA RODAMINA - 500ML;MP FRACIONADA;32041990
04043083;CORANTE LIQUIDO, ROXO - 100ML;MP FRACIONADA;32041990
04040033;CORANTE LIQUIDO, ROXO - 100ML CX20;MP FRACIONADA;32041990
04048812;CORANTE LIQUIDO, ROXO - 1LT;MP FRACIONADA;32041990
04045975;CORANTE LIQUIDO, ROXO - 500ML;MP FRACIONADA;32041990
04042983;CORANTE LIQUIDO, VERDE - 100ML;MP FRACIONADA;32041990
04040034;CORANTE LIQUIDO, VERDE - 100ML CX20;MP FRACIONADA;32041990
04047811;CORANTE LIQUIDO, VERDE - 1LT;MP FRACIONADA;32041990
04047754;CORANTE LIQUIDO, VERDE - 500ML;MP FRACIONADA;32041990
04049428;CORANTE LIQUIDO, VERDE ABACATE - 100ML;MP FRACIONADA;32041990
04040035;CORANTE LIQUIDO, VERDE ABACATE - 100ML CX20;MP FRACIONADA;32041990
04047918;CORANTE LIQUIDO, VERDE ABACATE - 1LT;MP FRACIONADA;32041990
04046995;CORANTE LIQUIDO, VERDE ABACATE - 500ML;MP FRACIONADA;32041990
04043934;CORANTE LIQUIDO, VERMELHO LIMPOL - 100ML;MP FRACIONADA;32041990
04040036;CORANTE LIQUIDO, VERMELHO LIMPOL - 100ML CX20;MP FRACIONADA;32041990
04048636;CORANTE LIQUIDO, VERMELHO LIMPOL - 1LT;MP FRACIONADA;32041990
04041212;CORANTE LIQUIDO, VERMELHO LIMPOL - 500ML;MP FRACIONADA;32041990
04039348;CORANTE, AMARELO FLUORECEINA - 100GR;MP FRACIONADA;32041990
04040001;CORANTE, AMARELO FLUORECEINA - 1KG;MP FRACIONADA;32041990
04037778;CORANTE, AMARELO P/ CLORO - 100GR;MP FRACIONADA;32041990
04030002;CORANTE, AMARELO P/ CLORO - 10KG;MP FRACIONADA;32041990
04040002;CORANTE, AMARELO P/ CLORO - 1KG;MP FRACIONADA;32041990
04031861;CORANTE, AMARELO P/ CLORO - 500GR;MP FRACIONADA;32041990
04038037;CORANTE, AMARELO PINHO SOLAR - 100GR;MP FRACIONADA;32041990
04040003;CORANTE, AMARELO PINHO SOLAR - 1KG;MP FRACIONADA;32041990
04033566;CORANTE, AMARELO TRATAZINA - 100GR;MP FRACIONADA;39123119
04040004;CORANTE, AMARELO TRATAZINA - 1KG;MP FRACIONADA;32041990
04033695;CORANTE, AZUL METANIL - 100GR;MP FRACIONADA;32041990
04032735;CORANTE, AZUL PASTOSO - 100GR;MP FRACIONADA;32041990
04040005;CORANTE, AZUL PASTOSO - 1KG;MP FRACIONADA;32041990
04030008;CORANTE, AZUL PASTOSO - 20KG;MP FRACIONADA;32041990
04038994;CORANTE, AZUL TURQUEZA - 100GR;MP FRACIONADA;32041990
04040006;CORANTE, AZUL TURQUEZA - 1KG;MP FRACIONADA;32041990
04039145;CORANTE, PRETO PASTOSO - 100GR;MP FRACIONADA;32041990
04040007;CORANTE, PRETO PASTOSO - 1KG;MP FRACIONADA;32041990
04032608;CORANTE, ROSA RODAMINA - 100GR;MP FRACIONADA;32041990
04040008;CORANTE, ROSA RODAMINA - 1KG;MP FRACIONADA;32041990
04032655;CORANTE, ROXO - 100GR;MP FRACIONADA;32041990
04040009;CORANTE, ROXO - 1KG;MP FRACIONADA;32041990
04038271;CORANTE, VERDE - 100GR;MP FRACIONADA;32041990
04040010;CORANTE, VERDE - 1KG;MP FRACIONADA;32041990
04037777;CORANTE, VERMELHO LIMPOL - 100GR;MP FRACIONADA;32041990
04040012;CORANTE, VERMELHO LIMPOL - 1KG;MP FRACIONADA;32041990
04026264;ESPESSANTE EM PO - 1KG;MP FRACIONADA;39069053
04020068;LAURIL 27% - BB50KG;MP FRACIONADA;34023990
05000862;MENTOL CRISTALIZADO - 100GR;MP FRACIONADA;29061100
05000863;MENTOL CRISTALIZADO - 1KG;MP FRACIONADA;29061100
04030009;PERCABONATO DE SODIO - 1KG;MP FRACIONADA;28369920
04021565;SODA ESCAMA 98% - 1KG;MP FRACIONADA;28151100
04023698;SULFATO DE ALUMINIO - 1KG;MP FRACIONADA;28332200
04022667;TRIPOLIFOSFATO DE SODIO - 1KG;MP FRACIONADA;28353190
04021001;VASELINA LIQUIDA - 1LT;MP FRACIONADA;27101991
04026269;VASELINA LIQUIDA - 1LT C/12;MP FRACIONADA;27101991
05000036;BASE ACETATO DE VETIVERT;MP PRODUZIDA;
05000106;BASE ANIMALIS;MP PRODUZIDA;
05000107;BASE BEREDEW;MP PRODUZIDA;
05000108;BASE BERGAMOTA BRASIL;MP PRODUZIDA;
05000349;BASE CT ALMISCAR (DL347);MP PRODUZIDA;
05000501;BASE CT AMARIN (BS-CFX009);MP PRODUZIDA;
05001234;BASE CT CASSIS 345 (BS0030);MP PRODUZIDA;
05001235;BASE CT FIXADOR POUDRE (DL360);MP PRODUZIDA;
05000519;BASE CT JASMIN DO REINO (DL340);MP PRODUZIDA;
05003752;BASE CT ROSA OTTO (DL364);MP PRODUZIDA;
01121330;BASE ESPESSANTE;MP PRODUZIDA;
05000109;BASE ETHER FLOR DE LARANJEIRA;MP PRODUZIDA;
05000249;BASE FLORALINE;MP PRODUZIDA;
05000286;BASE INDOLENE;MP PRODUZIDA;
05000110;BASE JACINTO;MP PRODUZIDA;
05000111;BASE JASMIM ABS;MP PRODUZIDA;
05000112;BASE JASMIM ACCORD;MP PRODUZIDA;
05000113;BASE JASMIM NATURAL;MP PRODUZIDA;
05000114;BASE KODAFLOR;MP PRODUZIDA;
05000115;BASE LAVANDA ASPIC;MP PRODUZIDA;
05000117;BASE LILAS;MP PRODUZIDA;
05001249;BASE MANDARIN SINTETICO (DOMO);MP PRODUZIDA;11081200
05000118;BASE MIMOSA ABS;MP PRODUZIDA;
05000119;BASE MUGUET;MP PRODUZIDA;
05001250;BASE MUSK XILOL (DOMO);MP PRODUZIDA;11081200
05000120;BASE NEROLI;MP PRODUZIDA;
05001251;BASE OCIMONE (VENTOS);MP PRODUZIDA;11081200
05000364;BASE OLEO DE BERGAMOTA;MP PRODUZIDA;
05000121;BASE OLEO DE CANANGA;MP PRODUZIDA;
05001248;BASE OLEO DE CEDRO (DOMO);MP PRODUZIDA;11081200
05000125;BASE OLEO DE SANDALO;MP PRODUZIDA;
05000425;BASE OLEO DE STIRAX;MP PRODUZIDA;
05000431;BASE OLEO DE YLANG;MP PRODUZIDA;
05001236;BASE PH ALDEIDO AGRUMEN (CPB1033);MP PRODUZIDA;11081200
05001237;BASE PH ALECRIM (CPB1131);MP PRODUZIDA;15153000
05001238;BASE PH AMBRETEX (CPB1131);MP PRODUZIDA;11081200
05001239;BASE PH BASE MUGUET (CPB1017);MP PRODUZIDA;11081200
05001210;BASE PH BERGAMOTA (CPB1032);MP PRODUZIDA;11081200
05001211;BASE PH BERGAMOTA (CPB1045);MP PRODUZIDA;11081200
05000703;BASE PH BLANC2075 (CPB1013);MP PRODUZIDA;11081200
05000704;BASE PH CANANGA2196 (CPB1121);MP PRODUZIDA;
05000705;BASE PH CHEVRAL (CPB1038);MP PRODUZIDA;
05000706;BASE PH COCO2271 (CPB1014);MP PRODUZIDA;
05001212;BASE PH FIXADOR DL440 (CPB1195);MP PRODUZIDA;15153000
05001213;BASE PH GERANIO (CPB1009);MP PRODUZIDA;11081200
05001214;BASE PH HEDIONE (CPB1178);MP PRODUZIDA;11081200
05001215;BASE PH HIDROXY76 (CPB1004);MP PRODUZIDA;11081200
05000707;BASE PH JACINTO3609 (CPB1155);MP PRODUZIDA;
05001216;BASE PH JASMIM (CPB1007);MP PRODUZIDA;11081200
05000708;BASE PH KAYAK (CPB1158);MP PRODUZIDA;
05001217;BASE PH LAVANDIN ABRIALYS CITY (CPB1208);MP PRODUZIDA;11081200
05001218;BASE PH LAVANDIN GROSSO (CPB1125);MP PRODUZIDA;11081200
05001219;BASE PH LIMAO SICILIANO (CPB1119);MP PRODUZIDA;11081200
05000709;BASE PH LUX (CPB1175);MP PRODUZIDA;
05000710;BASE PH NATURA (CPB1169);MP PRODUZIDA;
05001220;BASE PH NEROLI GAMMA (CPB1048);MP PRODUZIDA;11081200
05000711;BASE PH OPOPONAX2156 (CPB1010);MP PRODUZIDA;
05001221;BASE PH PATCHOULY DARK (CPB1092);MP PRODUZIDA;11081200
05001222;BASE PH PRUNELA (CPB1044);MP PRODUZIDA;11081200
05001223;BASE PH RESINOIDE GALBANO (CPB1190);MP PRODUZIDA;11081200
05001224;BASE PH ROSA (CPB1006);MP PRODUZIDA;11081200
05000712;BASE PH ROSA2194 (CPB1012);MP PRODUZIDA;
05001225;BASE PH SALVIA SCLAREIA (CPB1056);MP PRODUZIDA;11081200
05000713;BASE PH STYLETTO (CPB1156);MP PRODUZIDA;
05000715;BASE PH TALCO896 (CPB1082);MP PRODUZIDA;
05001226;BASE PH VERDE;MP PRODUZIDA;11081200
05001227;BASE PH YLANG#1054 (CPB1008);MP PRODUZIDA;11081200
05001228;BASE PH YLANG#16 (CPB1001);MP PRODUZIDA;11081200
05000122;BASE PINE NEEDLE;MP PRODUZIDA;
05000471;BASE RESINOIDE DE LENTISQUE;MP PRODUZIDA;
05000123;BASE ROSA TORINO;MP PRODUZIDA;
05000124;BASE SALDALWOOD;MP PRODUZIDA;
05000126;BASE TUBEROSA ABS;MP PRODUZIDA;
05000127;BASE VANILA;MP PRODUZIDA;
05000128;BASE VERBENA BRASIL;MP PRODUZIDA;
05000547;BASE VIOLETA ABS;MP PRODUZIDA;
05000129;BASE YLANG YLANG;MP PRODUZIDA;
01121328;BASE, HS (ESSENCIA);MP PRODUZIDA;34029031
01121329;BASE, HS (PRODUCAO);MP PRODUZIDA;34029031
01128659;BASE, PERFUME;MP PRODUZIDA;
04040052;CORANTE LIQUIDO, AMARELO COM PRETO;MP PRODUZIDA;
04043232;CORANTE LIQUIDO, AMARELO FLUORECEINA;MP PRODUZIDA;32041930
04043333;CORANTE LIQUIDO, AMARELO P/CLORO;MP PRODUZIDA;
04043233;CORANTE LIQUIDO, AMARELO PINHO SOLAR;MP PRODUZIDA;
04043234;CORANTE LIQUIDO, AMARELO TRATAZINA;MP PRODUZIDA;
04043235;CORANTE LIQUIDO, AZUL (AMACIANTE);MP PRODUZIDA;32041990
04040091;CORANTE LIQUIDO, AZUL FLUORECEINA;MP PRODUZIDA;15153000
04044400;CORANTE LIQUIDO, AZUL ROYAL (FLEX);MP PRODUZIDA;32041990
04043236;CORANTE LIQUIDO, AZUL TURQUEZA;MP PRODUZIDA;32041930
04043237;CORANTE LIQUIDO, CERAMICA;MP PRODUZIDA;
04043238;CORANTE LIQUIDO, LARANJA;MP PRODUZIDA;
04040015;CORANTE LIQUIDO, PRETO;MP PRODUZIDA;11081200
04043239;CORANTE LIQUIDO, PRETO PASTOSO;MP PRODUZIDA;
04043240;CORANTE LIQUIDO, ROSA RODAMINA;MP PRODUZIDA;
04043241;CORANTE LIQUIDO, ROXO;MP PRODUZIDA;
04043242;CORANTE LIQUIDO, VERDE;MP PRODUZIDA;
04043243;CORANTE LIQUIDO, VERDE ABACATE;MP PRODUZIDA;
04040090;CORANTE LIQUIDO, VERDE FLUORECEINA;MP PRODUZIDA;11081200
04043245;CORANTE LIQUIDO, VERMELHO LIMPOL;MP PRODUZIDA;
04030324;CORANTE, AMARELO P/ CLORO (DICROMATO DE SODIO);MP PRODUZIDA;28413000
04023878;ESPESSANTE LIQUIDO;MP PRODUZIDA;35069190
04010009;LAURIL 27% PROD;MP PRODUZIDA;34023100
04019023;LAURIL VALENCA;MP PRODUZIDA;34023100
04024725;POTASSA LIQUIDA;MP PRODUZIDA;28152000
04023858;SODA LIQUIDA;MP PRODUZIDA;28151200
04021055;TRILON LIQUIDO;MP PRODUZIDA;29224920
0108111;LAVA ROUPAS VALENÇA - 500G;SABÕES;34025000
01080001;SABAO COCO;SABÕES;34011190
01080010;SABAO COCO - 2LT;SABÕES;34011190
01089876;SABAO COCO - 2LT C/06;SABÕES;34011190
03000035;SABAO COCO - PET 5L;SABÕES;34011190
03000036;SABAO COCO - PET 5L FD C/04;SABÕES;34011190
01112170;SABAO COCO CONCENTRADO;SABÕES;11081200
011111112;SABAO COCO CONCENTRADO - 1LT;SABÕES;34011190
011111312;SABAO COCO CONCENTRADO - 1LT C/12;SABÕES;34011190
03000098;SABAO COCO CONCENTRADO - PET 5L;SABÕES;34011190
03000099;SABAO COCO CONCENTRADO - PET 5L C/04;SABÕES;34011190
01080012;SABAO DINAMO;SABÕES;34011190
01080013;SABAO DINAMO - 2LT;SABÕES;34011190
01080014;SABAO DINAMO - 2LT C/06;SABÕES;34011190
03000065;SABAO DINAMO - PET 5L;SABÕES;34011190
03000066;SABAO DINAMO - PET 5L FD C/04;SABÕES;34011190
01077169;SABAO EM PASTA;SABÕES;34011190
01077777;SABAO EM PASTA - 450GRS;SABÕES;34011190
01070026;SABAO EM PASTA - 450GRS CX12;SABÕES;34011190
01086299;SABAO LAVANDA GEL;SABÕES;34011190
01086248;SABAO LAVANDA GEL - 1LT;SABÕES;34011190
01086448;SABAO LAVANDA GEL - 1LT C/12;SABÕES;34011190
03000047;SABAO LAVANDA GEL - PET 5L;SABÕES;34011190
03000048;SABAO LAVANDA GEL - PET 5L FD C/04;SABÕES;34011190
01070004;SABAO LIMPA PISO;SABÕES;34011190
03000045;SABAO LIMPA PISOS - PET 5L;SABÕES;34011190
03000046;SABAO LIMPA PISOS - PET 5L FD C/04;SABÕES;34011190
01080002;SABAO OMEX;SABÕES;34011190
01080011;SABAO OMEX - 2LT;SABÕES;34011190
01089087;SABAO OMEX - 2LT C/06;SABÕES;34011190
03000017;SABAO OMEX - PET 5L;SABÕES;34011190
03000018;SABAO OMEX - PET 5L FD C/04;SABÕES;34011190
01112167;SABAO OMEX CONCENTRADO;SABÕES;11081200
01111111;SABAO OMEX CONCENTRADO - 1LT;SABÕES;34011190
01111311;SABAO OMEX CONCENTRADO - 1LT C/12;SABÕES;34011190
03000100;SABAO OMEX CONCENTRADO - PET 5L;SABÕES;34011190
03000101;SABAO OMEX CONCENTRADO - PET 5L C/04;SABÕES;34011190
01080003;SABAO PINHO GEL;SABÕES;34011190
01084797;SABAO PINHO GEL - 1LT;SABÕES;34011190
01084997;SABAO PINHO GEL - 1LT C/12;SABÕES;34011190
03000015;SABAO PINHO GEL - PET 5L;SABÕES;34011190
03000016;SABAO PINHO GEL - PET 5L FD C/04;SABÕES;34011190
01090005;SABONETE LIQ ESP PER ERVA DOCE - PET 5L FD C/04 (SOLL);SABONETES;34012010
01097563;SABONETE LIQ ESP PEROLADO ERVA DOCE;SABONETES;34011190
01096359;SABONETE LIQ ESP PEROLADO ERVA DOCE - 1LT;SABONETES;34012010
01096589;SABONETE LIQ ESP PEROLADO ERVA DOCE - 1LT C/12;SABONETES;34012010
01096358;SABONETE LIQ ESP PEROLADO ERVA DOCE - 5LT;SABONETES;34012010
01095874;SABONETE LIQ ESP PEROLADO ERVA DOCE - 5LT C/04;SABONETES;34012010
01090004;SABONETE LIQ ESP PEROLADO ERVA DOCE - PET 5L;SABONETES;34012010
01092489;SABONETE LIQ ESP PEROLADO MORANGO;SABONETES;34011190
01096356;SABONETE LIQ ESP PEROLADO MORANGO - 1LT;SABONETES;34012010
01097569;SABONETE LIQ ESP PEROLADO MORANGO - 1LT C/12;SABONETES;34012010
01098563;SABONETE LIQ ESP PEROLADO MORANGO - 5LT;SABONETES;34012010
01096357;SABONETE LIQ ESP PEROLADO MORANGO - 5LT C/04;SABONETES;34012010
01092005;SABONETE LIQUIDO ERVA DOCE AZUL;SABONETES;34011190
03000019;SABONETE LIQUIDO ERVA DOCE AZUL - PET 5L;SABONETES;34012010
03000020;SABONETE LIQUIDO ERVA DOCE AZUL - PET 5L FD C/04;SABONETES;34012010
01135288;ESS SUPER CONC, CAMPESTRE - 1LT;SUPER CONCENTRADOS;33029019
01138032;ESS SUPER CONC, CAMPESTRE - 200ML;SUPER CONCENTRADOS;33029019
01136404;ESS SUPER CONC, CAMPESTRE - 500ML;SUPER CONCENTRADOS;33029019
011391232;ESS SUPER CONC, CAMPESTRE - KG;SUPER CONCENTRADOS;
01137750;ESS SUPER CONC, DOVE - 1LT;SUPER CONCENTRADOS;33029019
01134747;ESS SUPER CONC, DOVE - 200ML;SUPER CONCENTRADOS;33029019
01135110;ESS SUPER CONC, DOVE - 500ML;SUPER CONCENTRADOS;33029019
011391236;ESS SUPER CONC, DOVE - KG;SUPER CONCENTRADOS;
01138197;ESS SUPER CONC, EUCALIPTO - 1LT;SUPER CONCENTRADOS;33029019
01134582;ESS SUPER CONC, EUCALIPTO - 200ML;SUPER CONCENTRADOS;33029019
01130176;ESS SUPER CONC, EUCALIPTO - 500ML;SUPER CONCENTRADOS;33029019
011391239;ESS SUPER CONC, EUCALIPTO - KG;SUPER CONCENTRADOS;
01135097;ESS SUPER CONC, FLOR DO CAMPO - 1LT;SUPER CONCENTRADOS;33029019
01133920;ESS SUPER CONC, FLOR DO CAMPO - 200ML;SUPER CONCENTRADOS;33029019
01139325;ESS SUPER CONC, FLOR DO CAMPO - 500ML;SUPER CONCENTRADOS;33029019
011391240;ESS SUPER CONC, FLOR DO CAMPO - KG;SUPER CONCENTRADOS;
01131533;ESS SUPER CONC, FLORAL - 1LT;SUPER CONCENTRADOS;33029019
01138709;ESS SUPER CONC, FLORAL - 200ML;SUPER CONCENTRADOS;33029019
01132170;ESS SUPER CONC, FLORAL - 500ML;SUPER CONCENTRADOS;33029019
011391241;ESS SUPER CONC, FLORAL - KG;SUPER CONCENTRADOS;
01133786;ESS SUPER CONC, GABRIELA - 1LT;SUPER CONCENTRADOS;33029019
01138034;ESS SUPER CONC, GABRIELA - 200ML;SUPER CONCENTRADOS;33029019
01132510;ESS SUPER CONC, GABRIELA - 500ML;SUPER CONCENTRADOS;33029019
011391242;ESS SUPER CONC, GABRIELA - KG;SUPER CONCENTRADOS;
01133634;ESS SUPER CONC, JASMIM - 1LT;SUPER CONCENTRADOS;33029019
01138528;ESS SUPER CONC, JASMIM - 200ML;SUPER CONCENTRADOS;33029019
01134570;ESS SUPER CONC, JASMIM - 500ML;SUPER CONCENTRADOS;33029019
011391244;ESS SUPER CONC, JASMIM - KG;SUPER CONCENTRADOS;
01131002;ESS SUPER CONC, KAYAK - 1LT;SUPER CONCENTRADOS;33029019
01131000;ESS SUPER CONC, KAYAK - 200ML;SUPER CONCENTRADOS;33029019
01131001;ESS SUPER CONC, KAYAK - 500ML;SUPER CONCENTRADOS;33029019
011391245;ESS SUPER CONC, KAYAK - KG;SUPER CONCENTRADOS;
01137989;ESS SUPER CONC, LAVANDA - 1LT;SUPER CONCENTRADOS;33029019
01131993;ESS SUPER CONC, LAVANDA - 200ML;SUPER CONCENTRADOS;33029019
01136975;ESS SUPER CONC, LAVANDA - 500ML;SUPER CONCENTRADOS;33029019
011391246;ESS SUPER CONC, LAVANDA - KG;SUPER CONCENTRADOS;
01134274;ESS SUPER CONC, PALMOLUX - 1LT;SUPER CONCENTRADOS;33029019
01130030;ESS SUPER CONC, PALMOLUX - 200ML;SUPER CONCENTRADOS;33029019
01139413;ESS SUPER CONC, PALMOLUX - 500ML;SUPER CONCENTRADOS;33029019
011391248;ESS SUPER CONC, PALMOLUX - KG;SUPER CONCENTRADOS;
01135356;ESS SUPER CONC, TALCO - 1LT;SUPER CONCENTRADOS;33029019
01135022;ESS SUPER CONC, TALCO - 200ML;SUPER CONCENTRADOS;33029019
01130664;ESS SUPER CONC, TALCO - 500ML;SUPER CONCENTRADOS;33029019
011391249;ESS SUPER CONC, TALCO - KG;SUPER CONCENTRADOS;
01050016;VALMAX 1000;VALMAX;00000000
01050018;VALMAX 1000 - 1LT;VALMAX;38249941
03000150;VALMAX 1000 - 1LT CX06;VALMAX;38249941
01050020;VALMAX 1000 - 5LT;VALMAX;38249941
03000148;VALMAX 1000 - 5LT CX02;VALMAX;38249941
01050017;VALMAX 700;VALMAX;00000000
01050022;VALMAX 700 - 1LT;VALMAX;38249941
03000151;VALMAX 700 - 1LT CX06;VALMAX;38249941
01050024;VALMAX 700 - 5LT;VALMAX;38249941
03000149;VALMAX 700 - 5LT CX02;VALMAX;38249941
03000116;VALMAX CERA ACRIL HS;VALMAX;34049019
03000126;VALMAX CERA ACRIL HS - 5LT;VALMAX;34049019
03000129;VALMAX CERA ACRIL HS - 5LT CX02;VALMAX;34049019
03000115;VALMAX CERA ACRIL TM;VALMAX;34029019
03000127;VALMAX CERA ACRIL TM - 5LT;VALMAX;34049019
03000130;VALMAX CERA ACRIL TM - 5LT CX02;VALMAX;34049019
03000117;VALMAX CERA ACRIL UHS;VALMAX;34029019
03000128;VALMAX CERA ACRIL UHS - 5LT;VALMAX;34049019
03000131;VALMAX CERA ACRIL UHS - 5LT CX02;VALMAX;34049019
03000153;VALMAX CLORO EM GEL - 5LT;VALMAX;38089419
03000154;VALMAX CLORO EM GEL - 5LT CX/02;VALMAX;38089419
03000167;VALMAX CLORO HOSPITALAR 1%;VALMAX;00000000
03000168;VALMAX CLORO HOSPITALAR 1% - 5LT;VALMAX;00000000
03000169;VALMAX CLORO HOSPITALAR 1% - 5LT CX02;VALMAX;00000000
03000155;VALMAX DESINFETANTE FLORAL CONCENTRADO;VALMAX;38089919
03000156;VALMAX DESINFETANTE FLORAL CONCENTRADO - 5LT;VALMAX;38089919
03000157;VALMAX DESINFETANTE FLORAL CONCENTRADO - 5LT CX/02;VALMAX;38089919
03000158;VALMAX DESINFETANTE INCOLOR CONCENTRADO;VALMAX;38089119
03000159;VALMAX DESINFETANTE INCOLOR CONCENTRADO - 5LT;VALMAX;38089919
03000160;VALMAX DESINFETANTE INCOLOR CONCENTRADO - 5LT CX/02;VALMAX;38089919
03000161;VALMAX DESINFETANTE LAVANDA CONCENTRADO;VALMAX;38089119
03000162;VALMAX DESINFETANTE LAVANDA CONCENTRADO - 5LT;VALMAX;38089919
03000163;VALMAX DESINFETANTE LAVANDA CONCENTRADO - 5LT CX/02;VALMAX;38089919
03000164;VALMAX DESINFETANTE TALCO CONCENTRADO;VALMAX;38089119
03000165;VALMAX DESINFETANTE TALCO CONCENTRADO - 5LT;VALMAX;38089919
03000166;VALMAX DESINFETANTE TALCO CONCENTRADO - 5LT CX/02;VALMAX;38089919
03000118;VALMAX LIMPA PORCELANATO POS OBRA;VALMAX;34011190
03000136;VALMAX LIMPA PORCELANATO POS OBRA - 1LT;VALMAX;38249941
03000137;VALMAX LIMPA PORCELANATO POS OBRA - 1LT CX06;VALMAX;38249941
03000138;VALMAX LIMPA PORCELANATO POS OBRA - 5LT;VALMAX;38249941
03000139;VALMAX LIMPA PORCELANATO POS OBRA - 5LT CX02;VALMAX;38249941
03000112;VALMAX PEROXY CLEAN;VALMAX;32064100
03000122;VALMAX PEROXY CLEAN - 1LT;VALMAX;34029019
03000123;VALMAX PEROXY CLEAN - 1LT CX06;VALMAX;34029019
03000124;VALMAX PEROXY CLEAN - 5LT;VALMAX;34029019
03000125;VALMAX PEROXY CLEAN - 5LT CX02;VALMAX;34029019
03000119;VALMAX POWER CLEAN;VALMAX;38249941
03000140;VALMAX POWER CLEAN - 1LT;VALMAX;38249941
03000141;VALMAX POWER CLEAN - 1LT CX06;VALMAX;38249941
03000142;VALMAX POWER CLEAN - 5LT;VALMAX;38249941
03000143;VALMAX POWER CLEAN - 5LT CX02;VALMAX;38249941
03000120;VALMAX REMOVEDOR DE CERA;VALMAX;34024900
03000144;VALMAX REMOVEDOR DE CERA - 1LT;VALMAX;34029039
03000145;VALMAX REMOVEDOR DE CERA - 1LT CX06;VALMAX;34029039
03000146;VALMAX REMOVEDOR DE CERA - 5LT;VALMAX;34029039
03000147;VALMAX REMOVEDOR DE CERA - 5LT CX02;VALMAX;34029039
03000114;VALMAX SELADOR ACRILICO EXTERNO;VALMAX;34029019
03000132;VALMAX SELADOR ACRILICO EXTERNO - 5LT;VALMAX;32099019
03000134;VALMAX SELADOR ACRILICO EXTERNO - 5LT CX02;VALMAX;32099019
03000113;VALMAX SELADOR ACRILICO INTERNO;VALMAX;32099019
03000133;VALMAX SELADOR ACRILICO INTERNO - 5LT;VALMAX;32099019
03000135;VALMAX SELADOR ACRILICO INTERNO - 5LT CX02;VALMAX;32099019
